x,y,dx,dy
0.1776967,25,0,-4.5
0.4656354,25,0,-4.5
0.7535741,25,0,-4.5
1.0415129,25,0,-4.5
1.3294516,25,0,-4.5
1.6173903,25,0,-4.5
1.905329,25,0,-4.5
2.1932678,25,0,-4.5
2.4812065,25,0,-4.5
2.7691452,25,0,-4.5
3.0570839,25,0,-4.5
3.3450226,25,0,-4.5
3.6329614,25,0,-4.5
3.9209001,25,0,-4.5
4.2088388,25,0,-4.5
4.4967775,25,0,-4.5
4.7847162,25,0,-4.5
5.072655,25,0,-4.5
5.3605937,25,0,-4.5
5.6485324,25,0,-4.5
5.9364711,25,0,-4.5
6.2244099,25,0,-4.5
6.5123486,25,0,-4.5
6.8002873,25,0,-4.5
7.088226,25,0,-4.5
7.3761647,25,0,-4.5
7.6641035,25,0,-4.5
7.9520422,25,0,-4.5
8.2399809,25,0,-4.5
8.5279196,25,0,-4.5
8.8158584,25,0,-4.5
9.1037971,25,0,-4.5
9.3917358,25,0,-4.5
9.6796745,25,0,-4.5
9.9676132,25,0,-4.5
10.255552,25,0,-4.5
10.5434907,25,0,-4.5
10.8314294,25,0,-4.5
11.1193681,25,0,-4.5
11.4073068,25,0,-4.5
11.6952456,25,0,-4.5
11.9831843,25,0,-4.5
12.271123,25,0,-4.5
12.5590617,25,0,-4.5
12.8470005,25,0,-4.5
13.1349392,25,0,-4.5
13.4228779,25,0,-4.5
13.7108166,25,0,-4.5
13.9987553,25,0,-4.5
14.2866941,25,0,-4.5
14.5746328,25,0,-4.5
14.8625715,25,0,-4.5
15.1505102,25,0,-4.5
15.4384489,25,0,-4.5
15.7263877,25,0,-4.5
16.0143264,25,0,-4.5
16.3022651,25,0,-4.5
16.5902038,25,0,-4.5
16.8781426,25,0,-4.5
17.1660813,25,0,-4.5
17.45402,25,0,-4.5
17.7419587,25,0,-4.5
18.0298974,25,0,-4.5
18.3178362,25,0,-4.5
18.6057749,25,0,-4.5
18.8937136,25,0,-4.5
19.1816523,25,0,-4.5
19.4695911,25,0,-4.5
19.7575298,25,0,-4.5
20.0454685,25,0,-4.5
20.3334072,25,0,-4.5
20.6213459,25,0,-4.5
20.9092847,25,0,-4.5
21.1972234,25,0,-4.5
21.4851621,25,0,-4.5
21.7731008,25,0,-4.5
22.0610395,25,0,-4.5
22.3489783,25,0,-4.5
22.636917,25,0,-4.5
22.9248557,25,0,-4.5
23.2127944,25,0,-4.5
23.5007332,25,0,-4.5
23.7886719,25,0,-4.5
24.0766106,25,0,-4.5
24.3645493,25,0,-4.5
24.652488,25,0,-4.5
24.9404268,25,0,-4.5
25.2283655,25,0,-4.5
25.5163042,25,0,-4.5
25.8042429,25,0,-4.5
26.0921817,25,0,-4.5
26.3801204,25,0,-4.5
26.6680591,25,0,-4.5
26.9559978,25,0,-4.5
27.2439365,25,0,-4.5
27.5318753,25,0,-4.5
27.819814,25,0,-4.5
28.1077527,25,0,-4.5
28.3956914,25,0,-4.5
28.6836301,25,0,-4.5
28.9715689,25,0,-4.5
29.2595076,25,0,-4.5
29.5474463,25,0,-4.5
29.835385,25,0,-4.5
30.1233238,25,0,-4.5
30.4112625,25,0,-4.5
30.6992012,25,0,-4.5
30.9871399,25,0,-4.5
31.2750786,25,0,-4.5
31.5630174,25,0,-4.5
31.8509561,25,0,-4.5
32.1388948,25,0,-4.5
32.4268335,25,0,-4.5
32.7147723,25,0,-4.5
33.002711,25,0,-4.5
33.2906497,25,0,-4.5
33.5785884,25,0,-4.5
33.8665271,25,0,-4.5
34.1544659,25,0,-4.5
34.4424046,25,0,-4.5
34.7303433,25,0,-4.5
35.018282,25,0,-4.5
35.3062207,25,0,-4.5
35.5941595,25,0,-4.5
35.8820982,25,0,-4.5
36.1700369,25,0,-4.5
36.4579756,25,0,-4.5
36.7459144,25,0,-4.5
37.0338531,25,0,-4.5
37.3217918,25,0,-4.5
37.6097305,25,0,-4.5
37.8976692,25,0,-4.5
38.185608,25,0,-4.5
38.4735467,25,0,-4.5
38.7614854,25,0,-4.5
39.0494241,25,0,-4.5
39.3373628,25,0,-4.5
39.6253016,25,0,-4.5
39.9132403,25,0,-4.5
40.201179,25,0,-4.5
40.4891177,25,0,-4.5
40.7770565,25,0,-4.5
41.0649952,25,0,-4.5
41.3529339,25,0,-4.5
41.6408726,25,0,-4.5
41.9288113,25,0,-4.5
42.2167501,25,0,-4.5
42.5046888,25,0,-4.5
42.7926275,25,0,-4.5
43.0805662,25,0,-4.5
43.368505,25,0,-4.5
43.6564437,25,0,-4.5
43.9443824,25,0,-4.5
44.2323211,25,0,-4.5
44.5202598,25,0,-4.5
44.8081986,25,0,-4.5
45.0961373,25,0,-4.5
45.384076,25,0,-4.5
45.6720147,25,0,-4.5
45.9599534,25,0,-4.5
46.2478922,25,0,-4.5
46.5358309,25,0,-4.5
46.8237696,25,0,-4.5
47.1117083,25,0,-4.5
47.3996471,25,0,-4.5
47.6875858,25,0,-4.5
47.9755245,25,0,-4.5
48.2634632,25,0,-4.5
48.5514019,25,0,-4.5
48.8393407,25,0,-4.5
49.1272794,25,0,-4.5
49.4152181,25,0,-4.5
49.7031568,25,0,-4.5
49.9910956,25,0,-4.5
50.2790343,25,0,-4.5
50.566973,25,0,-4.5
50.8549117,25,0,-4.5
51.1428504,25,0,-4.5
51.4307892,25,0,-4.5
51.7187279,25,0,-4.5
52.0066666,25,0,-4.5
52.2946053,25,0,-4.5
52.582544,25,0,-4.5
52.8704828,25,0,-4.5
53.1584215,25,0,-4.5
53.4463602,25,0,-4.5
53.7342989,25,0,-4.5
54.0222377,25,0,-4.5
54.3101764,25,0,-4.5
54.5981151,25,0,-4.5
54.8860538,25,0,-4.5
55.1739925,25,0,-4.5
55.4619313,25,0,-4.5
55.74987,25,0,-4.5
56.0378087,25,0,-4.5
56.3257474,25,0,-4.5
56.6136862,25,0,-4.5
56.9016249,25,0,-4.5
57.1895636,25,0,-4.5
57.4775023,25,0,-4.5
57.765441,25,0,-4.5
58.0533798,25,0,-4.5
58.3413185,25,0,-4.5
58.6292572,25,0,-4.5
58.9171959,25,0,-4.5
59.2051346,25,0,-4.5
59.4930734,25,0,-4.5
59.7810121,25,0,-4.5
60.0689507,24.9999049,-0.0124111,-4.4999829
60.3568774,24.9974526,-0.0642379,-4.4995415
60.6447568,24.9916844,-0.1160562,-4.4985032
60.9325506,24.9826009,-0.1678591,-4.4968682
61.2202207,24.9702035,-0.2196397,-4.4946366
61.5077289,24.9544937,-0.2713912,-4.4918089
61.7950372,24.9354736,-0.3231067,-4.4883852
62.0821073,24.9131457,-0.3747793,-4.4843662
62.3689012,24.8875131,-0.4264022,-4.4797524
62.6553809,24.858579,-0.4779686,-4.4745442
62.9415084,24.8263475,-0.5294715,-4.4687425
63.2272456,24.7908226,-0.5809042,-4.4623481
63.5125548,24.7520092,-0.6322599,-4.4553617
63.797398,24.7099124,-0.6835316,-4.4477842
64.0817374,24.6645377,-0.7347127,-4.4396168
64.3655354,24.6158912,-0.7857964,-4.4308604
64.6487544,24.5639794,-0.8367758,-4.4215163
64.9313566,24.5088091,-0.8876442,-4.4115856
65.2133047,24.4503876,-0.9383948,-4.4010698
65.4945612,24.3887227,-0.989021,-4.3899701
65.7750889,24.3238227,-1.039516,-4.3782881
66.0548505,24.2556959,-1.0898731,-4.3660253
66.3338089,24.1843517,-1.1400856,-4.3531833
66.611927,24.1097993,-1.1901469,-4.3397639
66.8891682,24.0320486,-1.2400503,-4.3257688
67.1654954,23.9511101,-1.2897892,-4.3111998
67.4408721,23.8669944,-1.339357,-4.296059
67.7152618,23.7797127,-1.3887471,-4.2803483
67.988628,23.6892765,-1.437953,-4.2640698
68.2609345,23.5956979,-1.4869682,-4.2472256
68.5321452,23.4989893,-1.5357861,-4.2298181
68.8022241,23.3991635,-1.5844003,-4.2118494
69.0711353,23.2962337,-1.6328044,-4.1933221
69.3388432,23.1902136,-1.6809918,-4.1742384
69.6053123,23.0811173,-1.7289562,-4.1546011
69.8705073,22.9689592,-1.7766913,-4.1344127
70.1343929,22.8537542,-1.8241907,-4.1136758
70.3969341,22.7355176,-1.8714481,-4.0923932
70.6580961,22.6142651,-1.9184573,-4.0705677
70.9178444,22.4900128,-1.965212,-4.0482023
71.1761443,22.3627771,-2.011706,-4.0252999
71.4329617,22.2325749,-2.0579331,-4.0018635
71.6882626,22.0994235,-2.1038873,-3.9778962
71.9420129,21.9633406,-2.1495623,-3.9534013
72.1941791,21.8243441,-2.1949522,-3.9283819
72.4447277,21.6824527,-2.240051,-3.9028415
72.6954714,21.5389501,-2.2148151,-3.9172176
72.9469306,21.3986786,-2.1695525,-3.9424665
73.1999886,21.2613126,-2.1240021,-3.9671924
73.4546119,21.1268702,-2.0781699,-3.991392
73.7107668,20.9953693,-2.032062,-4.0150622
73.9684192,20.8668274,-1.9856845,-4.0381997
74.2275349,20.7412614,-1.9390437,-4.0608016
74.4880797,20.6186881,-1.8921457,-4.0828648
74.7500189,20.4991237,-1.8449966,-4.1043864
75.0133177,20.382584,-1.7976028,-4.1253635
75.2779414,20.2690845,-1.7499706,-4.1457934
75.5438547,20.1586404,-1.7021062,-4.1656734
75.8110223,20.0512661,-1.654016,-4.1850007
76.0794089,19.9469761,-1.6057064,-4.2037729
76.3489789,19.845784,-1.5571838,-4.2219875
76.6196964,19.7477033,-1.5084546,-4.239642
76.8915256,19.6527471,-1.4595254,-4.2567342
77.1644304,19.560928,-1.4104025,-4.2732616
77.4383746,19.472258,-1.3610926,-4.2892222
77.7133219,19.386749,-1.3116021,-4.3046138
77.9892358,19.3044124,-1.2619376,-4.3194344
78.2660796,19.225259,-1.2121057,-4.333682
78.5438168,19.1492993,-1.162113,-4.3473548
78.8224104,19.0765434,-1.1119661,-4.3604508
79.1018234,19.0070011,-1.0616718,-4.3729684
79.3820188,18.9406814,-1.0112366,-4.384906
79.6629595,18.8775932,-0.9606673,-4.3962619
79.9446082,18.8177448,-0.9099705,-4.4070346
80.2269275,18.7611443,-0.8591531,-4.4172227
80.5098799,18.7077991,-0.8082216,-4.4268248
80.7934279,18.6577162,-0.757183,-4.4358397
81.077534,18.6109024,-0.7060439,-4.4442662
81.3621604,18.5673639,-0.6548111,-4.4521031
81.6472694,18.5271063,-0.6034915,-4.4593495
81.9328231,18.4901351,-0.5520918,-4.4660043
82.2187837,18.4564551,-0.5006189,-4.4720667
82.5051132,18.4260709,-0.4490796,-4.4775359
82.7917736,18.3989864,-0.3974807,-4.4824111
83.078727,18.3752053,-0.3458291,-4.4866917
83.3659353,18.3547307,-0.2941316,-4.4903771
83.6533603,18.3375653,-0.2423951,-4.4934669
83.9409639,18.3237114,-0.1906265,-4.4959606
84.2287081,18.3131709,-0.1388325,-4.4978579
84.5165545,18.305945,-0.0870202,-4.4991585
84.8044651,18.3020349,-0.0351963,-4.4998624
85.0924016,18.301441,0.0166323,-4.4999693
85.3803259,18.3041633,0.0684587,-4.4994792
85.6681997,18.3102016,0.1202759,-4.4983923
85.9559849,18.319555,0.1720773,-4.4967087
86.2436432,18.3322223,0.2238558,-4.4944286
86.5311366,18.3482018,0.2756046,-4.4915523
86.8184269,18.3674914,0.3273168,-4.4880802
87.1054759,18.3900886,0.3789857,-4.4840127
87.3922457,18.4159902,0.4306042,-4.4793504
87.6786981,18.4451929,0.4821657,-4.4740939
87.9647952,18.4776929,0.5336631,-4.4682439
88.250499,18.5134858,0.5850898,-4.4618012
88.5357716,18.5525668,0.6364389,-4.4547666
88.8205752,18.5949308,0.6877035,-4.4471411
89.104872,18.6405722,0.738877,-4.4389256
89.3886242,18.6894849,0.7899524,-4.4301214
89.6717943,18.7416624,0.840923,-4.4207294
89.9543447,18.7970977,0.891782,-4.410751
90.2362379,18.8557836,0.9425228,-4.4001876
90.5174364,18.9177123,0.9931386,-4.3890404
90.7979031,18.9828755,1.0436226,-4.377311
91.0776006,19.0512646,1.0939681,-4.365001
91.356492,19.1228705,1.1441686,-4.3521119
91.6345401,19.1976838,1.1942172,-4.3386456
91.9117082,19.2756944,1.2441075,-4.3246036
92.1879594,19.3568922,1.2938327,-4.309988
92.4632571,19.4412661,1.3433863,-4.2948007
92.7375647,19.5288052,1.3927617,-4.2790437
93.010846,19.6194978,1.4419523,-4.262719
93.2830646,19.7133317,1.4909516,-4.2458289
93.5541845,19.8102947,1.5397532,-4.2283756
93.8241696,19.9103739,1.5883505,-4.2103613
94.0929841,20.0135559,1.6367371,-4.1917886
94.3605925,20.119827,1.6849066,-4.1726598
94.6269591,20.2291733,1.7328526,-4.1529775
94.8920488,20.3415801,1.7805688,-4.1327442
95.1558262,20.4570325,1.8280487,-4.1119628
95.4182564,20.5755153,1.8752861,-4.0906359
95.6793046,20.6970128,1.9222748,-4.0687663
95.9389361,20.8215087,1.9690085,-4.0463571
96.1971166,20.9489867,2.015481,-4.023411
96.4538118,21.0794297,2.0616861,-3.9999313
96.7089876,21.2128205,2.1076178,-3.9759209
96.9626101,21.3491414,2.1532698,-3.9513832
97.2146458,21.4883743,2.1986362,-3.9263213
97.4650612,21.6305007,2.243711,-3.9007385
97.7142079,21.7729032,2.2114426,-3.9191226
97.9657877,21.9129581,2.1661582,-3.9443325
98.2189639,22.0501063,2.1205865,-3.9690191
98.4737028,22.1843295,2.0747335,-3.9931793
98.7299708,22.3156098,2.0286053,-4.0168098
98.9877337,22.4439299,1.9822079,-4.0399074
99.2469575,22.5692728,1.9355477,-4.0624691
99.5076076,22.6916219,1.8886306,-4.0844919
99.7696496,22.8109608,1.8414631,-4.1059729
100.0330487,22.9272738,1.7940512,-4.1269093
100.2977699,23.0405454,1.7464014,-4.1472982
100.5637782,23.1507606,1.6985199,-4.1671369
100.8310382,23.2579049,1.6504131,-4.1864229
101.0995145,23.3619639,1.6020874,-4.2051535
101.3691714,23.4629239,1.5535491,-4.2233263
101.6399733,23.5607715,1.5048048,-4.2409389
101.9118841,23.6554937,1.4558609,-4.2579889
102.1848678,23.7470779,1.4067238,-4.274474
102.4588883,23.835512,1.3574001,-4.2903922
102.733909,23.9207843,1.3078964,-4.3057412
103.0098937,24.0028834,1.2582191,-4.320519
103.2868056,24.0817985,1.208375,-4.3347237
103.564608,24.1575191,1.1583706,-4.3483534
103.8432641,24.2300351,1.1082125,-4.3614063
104.1227369,24.299337,1.0579074,-4.3738807
104.4029893,24.3654155,1.0074619,-4.3857748
104.6839842,24.4282618,0.9568828,-4.3970871
104.9656843,24.4878677,0.9061768,-4.4078162
105.2480522,24.5442252,0.8553506,-4.4179605
105.5310504,24.5973269,0.8044109,-4.4275188
105.8146415,24.6471656,0.7533645,-4.4364898
106.0987877,24.6937349,0.7022182,-4.4448723
106.3834515,24.7370285,0.6509787,-4.4526651
106.668595,24.7770406,0.5996529,-4.4598673
106.9541804,24.813766,0.5482475,-4.4664779
107.2401699,24.8471998,0.4967694,-4.472496
107.5265254,24.8773375,0.4452254,-4.4779208
107.8132091,24.9041753,0.3936224,-4.4827515
108.1001829,24.9277094,0.3419671,-4.4869877
108.3874086,24.9479368,0.2902664,-4.4906286
108.6748483,24.9648548,0.2385273,-4.4936739
108.9624638,24.9784611,0.1867565,-4.496123
109.2502169,24.988754,0.134961,-4.4979757
109.5380695,24.995732,0.0831475,-4.4992318
109.8259833,24.9993944,0.031323,-4.499891
110.1139206,25,0,-4.5
110.4018593,25,0,-4.5
110.6897981,25,0,-4.5
110.9777368,25,0,-4.5
111.2656755,25,0,-4.5
111.5536142,25,0,-4.5
111.8415529,25,0,-4.5
112.1294917,25,0,-4.5
112.4174304,25,0,-4.5
112.7053691,25,0,-4.5
112.9933078,25,0,-4.5
113.2812465,25,0,-4.5
113.5691853,25,0,-4.5
113.857124,25,0,-4.5
114.1450627,25,0,-4.5
114.4330014,25,0,-4.5
114.7209402,25,0,-4.5
115.0088789,25,0,-4.5
115.2968176,25,0,-4.5
115.5847563,25,0,-4.5
115.872695,25,0,-4.5
116.1606338,25,0,-4.5
116.4485725,25,0,-4.5
116.7365112,25,0,-4.5
117.0244499,25,0,-4.5
117.3123886,25,0,-4.5
117.6003274,25,0,-4.5
117.8882661,25,0,-4.5
118.1762048,25,0,-4.5
118.4641435,25,0,-4.5
118.7520823,25,0,-4.5
119.040021,25,0,-4.5
119.3279597,25,0,-4.5
119.6158984,25,0,-4.5
119.9038371,25,0,-4.5
120.1917759,25,0,-4.5
120.4797146,25,0,-4.5
120.7676533,25,0,-4.5
121.055592,25,0,-4.5
121.3435308,25,0,-4.5
121.6314695,25,0,-4.5
121.9194082,25,0,-4.5
122.2073469,25,0,-4.5
122.4952856,25,0,-4.5
122.7832244,25,0,-4.5
123.0711631,25,0,-4.5
123.3591018,25,0,-4.5
123.6470405,25,0,-4.5
123.9349792,25,0,-4.5
124.222918,25,0,-4.5
124.5108567,25,0,-4.5
124.7987954,25,0,-4.5
125.0867341,25,0,-4.5
125.3746729,25,0,-4.5
125.6626116,25,0,-4.5
125.9505503,25,0,-4.5
126.238489,25,0,-4.5
126.5264277,25,0,-4.5
126.8143665,25,0,-4.5
127.1023052,25,0,-4.5
127.3902439,25,0,-4.5
127.6781826,25,0,-4.5
127.9661214,25,0,-4.5
128.2540601,25,0,-4.5
128.5419988,25,0,-4.5
128.8299375,25,0,-4.5
129.1178762,25,0,-4.5
129.405815,25,0,-4.5
129.6937537,25,0,-4.5
129.9816924,25,0,-4.5
130.2696311,25,0,-4.5
130.5575698,25,0,-4.5
130.8455086,25,0,-4.5
131.1334473,25,0,-4.5
131.421386,25,0,-4.5
131.7093247,25,0,-4.5
131.9972635,25,0,-4.5
132.2852022,25,0,-4.5
132.5731409,25,0,-4.5
132.8610796,25,0,-4.5
133.1490183,25,0,-4.5
133.4369571,25,0,-4.5
133.7248958,25,0,-4.5
134.0128345,25,0,-4.5
134.3007732,25,0,-4.5
134.588712,25,0,-4.5
134.8766507,25,0,-4.5
135.1645894,25,0,-4.5
135.4525281,25,0,-4.5
135.7404668,25,0,-4.5
136.0284056,25,0,-4.5
136.3163443,25,0,-4.5
136.604283,25,0,-4.5
136.8922217,25,0,-4.5
137.1801604,25,0,-4.5
137.4680992,25,0,-4.5
137.7560379,25,0,-4.5
138.0439766,25,0,-4.5
138.3319153,25,0,-4.5
138.6198541,25,0,-4.5
138.9077928,25,0,-4.5
139.1957315,25,0,-4.5
139.4836702,25,0,-4.5
139.7716089,25,0,-4.5
140.0595477,25,0,-4.5
140.3474864,25,0,-4.5
140.6354251,25,0,-4.5
140.9233638,25,0,-4.5
141.2113025,25,0,-4.5
141.4992413,25,0,-4.5
141.78718,25,0,-4.5
142.0751187,25,0,-4.5
142.3630574,25,0,-4.5
142.6509962,25,0,-4.5
142.9389349,25,0,-4.5
143.2268736,25,0,-4.5
143.5148123,25,0,-4.5
143.802751,25,0,-4.5
144.0906898,25,0,-4.5
144.3786285,25,0,-4.5
144.6665672,25,0,-4.5
144.9545059,25,0,-4.5
145.2424447,25,0,-4.5
145.5303834,25,0,-4.5
145.8183221,25,0,-4.5
146.1062608,25,0,-4.5
146.3941995,25,0,-4.5
146.6821383,25,0,-4.5
146.970077,25,0,-4.5
147.2580157,25,0,-4.5
147.5459544,25,0,-4.5
147.8338931,25,0,-4.5
148.1218319,25,0,-4.5
148.4097706,25,0,-4.5
148.6977093,25,0,-4.5
148.985648,25,0,-4.5
149.2735868,25,0,-4.5
149.5615255,25,0,-4.5
149.8494642,25,0,-4.5
150.1374029,25,0,-4.5
150.4253416,25,0,-4.5
150.7132804,25,0,-4.5
151.0012191,25,0,-4.5
151.2891578,25,0,-4.5
151.5770965,25,0,-4.5
151.8650353,25,0,-4.5
152.152974,25,0,-4.5
152.4409127,25,0,-4.5
152.7288514,25,0,-4.5
153.0167901,25,0,-4.5
153.3047289,25,0,-4.5
153.5926676,25,0,-4.5
153.8806063,25,0,-4.5
154.168545,25,0,-4.5
154.4564837,25,0,-4.5
154.7444225,25,0,-4.5
155.0323612,25,0,-4.5
155.3202999,25,0,-4.5
155.6082386,25,0,-4.5
155.8961774,25,0,-4.5
156.1841161,25,0,-4.5
156.4720548,25,0,-4.5
156.7599935,25,0,-4.5
157.0479322,25,0,-4.5
157.335871,25,0,-4.5
157.6238097,25,0,-4.5
157.9117484,25,0,-4.5
158.1996871,25,0,-4.5
158.4876258,25,0,-4.5
158.7755646,25,0,-4.5
159.0635033,25,0,-4.5
159.351442,25,0,-4.5
159.6393807,25,0,-4.5
159.9273195,25,0,-4.5
160.2152582,25,0,-4.5
160.5031969,25,0,-4.5
160.7911356,25,0,-4.5
161.0790743,25,0,-4.5
161.3670131,25,0,-4.5
161.6549518,25,0,-4.5
161.9428905,25,0,-4.5
162.2308292,25,0,-4.5
162.518768,25,0,-4.5
162.8067067,25,0,-4.5
163.0946454,25,0,-4.5
163.3825841,25,0,-4.5
163.6705228,25,0,-4.5
163.9584616,25,0,-4.5
164.2464003,25,0,-4.5
164.534339,25,0,-4.5
164.8222777,25,0,-4.5
165.1102164,25,0,-4.5
165.3981552,25,0,-4.5
165.6860939,25,0,-4.5
165.9740326,25,0,-4.5
166.2619713,25,0,-4.5
166.5499101,25,0,-4.5
166.8378488,25,0,-4.5
167.1257875,25,0,-4.5
167.4137262,25,0,-4.5
167.7016649,25,0,-4.5
167.9896037,25,0,-4.5
168.2775424,25,0,-4.5
168.5654811,25,0,-4.5
168.8534198,25,0,-4.5
169.1413586,25,0,-4.5
169.4292973,25,0,-4.5
169.717236,25,0,-4.5
170.0051747,24.9999991,-0.0015524,-4.4999997
170.2930948,24.9971362,-0.0879284,-4.4991409
170.5809069,24.9887474,-0.1742721,-4.4966242
170.8685049,24.9748355,-0.2605515,-4.4924507
171.1557829,24.9554059,-0.3467349,-4.4866218
171.442635,24.9304656,-0.4327905,-4.4791397
171.7289556,24.9000239,-0.5186867,-4.4700072
172.0146391,24.8640919,-0.6043917,-4.4592276
172.2995802,24.822683,-0.6898741,-4.4468049
172.583674,24.7758123,-0.7751022,-4.4327437
172.8668158,24.7234971,-0.8600448,-4.4170491
173.1489013,24.6657567,-0.9446704,-4.399727
173.4298265,24.6026124,-1.0289479,-4.3807837
173.7094879,24.5340875,-1.1128464,-4.3602263
173.9877824,24.4602072,-1.1963347,-4.3380621
174.2646076,24.3809986,-1.2793823,-4.3142996
174.5398614,24.2964911,-1.3619584,-4.2889473
174.8134423,24.2067158,-1.4440327,-4.2620147
175.0852497,24.1117056,-1.5255749,-4.2335117
175.3551833,24.0114957,-1.606555,-4.2034487
175.6231436,23.906123,-1.6869431,-4.1718369
175.889032,23.7956262,-1.7667096,-4.1386879
176.1527504,23.6800461,-1.8458251,-4.1040138
176.4142017,23.5594254,-1.9242605,-4.0678276
176.6732896,23.4338083,-2.0019869,-4.0301425
176.9299185,23.3032413,-2.0789756,-3.9909724
177.183994,23.1677724,-2.1551982,-3.9503317
177.4354224,23.0274516,-2.2306267,-3.9082355
177.684111,22.8823305,-2.3052333,-3.8646991
177.9299682,22.7324626,-2.3789905,-3.8197388
178.1729035,22.5779032,-2.451871,-3.773371
178.4128273,22.4187092,-2.5238482,-3.7256127
178.6496512,22.2549392,-2.5948954,-3.6764818
178.8832879,22.0866536,-2.6649864,-3.6259961
179.1136514,21.9139145,-2.7340954,-3.5741743
179.3406568,21.7367853,-2.802197,-3.5210356
179.5642204,21.5553316,-2.8692661,-3.4665995
179.7842599,21.36962,-2.935278,-3.410886
180.0006941,21.179719,-3.0002082,-3.3539157
180.2134434,20.9856986,-3.064033,-3.2957096
180.4224293,20.7876303,-3.1267288,-3.2362891
180.6275748,20.5855871,-3.1882724,-3.1756761
180.8288044,20.3796433,-3.2486413,-3.113893
181.0260438,20.169875,-3.3078132,-3.0509625
181.2192205,19.9563593,-3.3657662,-2.9869078
181.4082632,19.739175,-3.422479,-2.9217525
181.5931023,19.5184021,-3.4779307,-2.8555206
181.7736697,19.294122,-3.5321009,-2.7882366
181.9498987,19.0664172,-3.5849696,-2.7199251
182.1217246,18.8353717,-3.6365174,-2.6506115
182.289084,18.6010706,-3.6867252,-2.5803212
182.4519152,18.3636002,-3.7355746,-2.5090801
182.6101582,18.1230481,-3.7830475,-2.4369144
182.7637547,17.8795029,-3.8291264,-2.3638509
182.9126481,17.6330543,-3.8737944,-2.2899163
183.0567836,17.3837932,-3.9170351,-2.2151379
183.1961081,17.1318113,-3.9588324,-2.1395434
183.3305701,16.8772015,-3.999171,-2.0631605
183.4601202,16.6200577,-4.0380361,-1.9860173
183.5847106,16.3604746,-4.0754132,-1.9081424
183.7042955,16.0985479,-4.1112886,-1.8295644
183.8188306,15.834374,-4.1456492,-1.7503122
183.928274,15.5680503,-4.1784822,-1.6704151
184.0325852,15.2996749,-4.2097755,-1.5899025
184.1317257,15.0293467,-4.2395177,-1.508804
184.2256591,14.7571654,-4.2676977,-1.4271496
184.3143508,14.4832312,-4.2943052,-1.3449694
184.397768,14.207645,-4.3193304,-1.2622935
184.47588,13.9305085,-4.342764,-1.1791525
184.5486581,13.6519236,-4.3645974,-1.0955771
184.6160755,13.3719932,-4.3848226,-1.011598
184.6781072,13.0908202,-4.4034322,-0.9272461
184.7347304,12.8085084,-4.4204191,-0.8425525
184.7859243,12.5251617,-4.4357773,-0.7575485
184.83167,12.2408846,-4.449501,-0.6722654
184.8719507,11.9557817,-4.4615852,-0.5867345
184.9067515,11.6699582,-4.4720254,-0.5009875
184.9360595,11.3835194,-4.4808179,-0.4150558
184.9598641,11.0965708,-4.4879592,-0.3289712
184.9781563,10.8092181,-4.4934469,-0.2427654
184.9909295,10.5215673,-4.4972789,-0.1564702
184.998179,10.2337243,-4.4994537,-0.0701173
184.9999021,9.9457951,-4.4999706,0.0162615
184.9960981,9.657886,-4.4988294,0.1026342
184.9867685,9.3701028,-4.4960305,0.1889691
184.9719167,9.0825518,-4.491575,0.2752345
184.9515481,8.7953389,-4.4854644,0.3613983
184.9256704,8.5085698,-4.4777011,0.4474291
184.8942929,8.2223503,-4.4682879,0.5332949
184.8574273,7.9367858,-4.4572282,0.6189643
184.8150872,7.6519815,-4.4445262,0.7044056
184.7672881,7.3680424,-4.4301864,0.7895873
184.7140477,7.0850731,-4.4142143,0.8744781
184.6553856,6.8031779,-4.3966157,0.9590466
184.5913234,6.5224606,-4.377397,1.0432618
184.5218847,6.2430247,-4.3565654,1.1270926
184.4470951,5.9649731,-4.3341285,1.2105081
184.3669822,5.6884083,-4.3100947,1.2934775
184.2815754,5.4134322,-4.2844726,1.3759703
184.1909063,5.1401462,-4.2572719,1.4579561
184.0950082,4.8686508,-4.2285025,1.5394048
183.9939165,4.5990463,-4.1981749,1.6202861
183.8876684,4.3314318,-4.1663005,1.7005705
183.7763031,4.065906,-4.1328909,1.7802282
183.6598617,3.8025668,-4.0979585,1.85923
183.538387,3.5415111,-4.0615161,1.9375467
183.4119237,3.2828352,-4.0235771,2.0151494
183.2805186,3.0266345,-3.9841556,2.0920097
183.1442199,2.7730032,-3.943266,2.1680991
183.003078,2.5220348,-3.9009234,2.2433896
182.8571448,2.2738219,-3.8571434,2.3178534
182.7064741,2.0284558,-3.8119422,2.3914633
182.5511214,1.786027,-3.7653364,2.4641919
182.391144,1.5466249,-3.7173432,2.5360125
182.2266008,1.3103376,-3.6679802,2.6068987
182.0575524,1.0772521,-3.6172657,2.6768244
181.8840612,0.8474545,-3.5652184,2.7457637
181.706191,0.6210293,-3.5118573,2.8136912
181.5240075,0.39806,-3.4572022,2.880582
181.3375776,0.1786287,-3.4012733,2.9464114
181.1469702,-0.0371836,-3.3440911,3.0111551
180.9522555,-0.2492976,-3.2856766,3.0747893
180.7535051,-0.4576349,-3.2260515,3.1372905
180.5507924,-0.6621189,-3.1652377,3.1986357
180.344192,-0.8626743,-3.1032576,3.2588023
180.13378,-1.059227,-3.040134,3.3177681
179.9196341,-1.2517047,-2.9758902,3.3755114
179.701833,-1.4400365,-2.9105499,3.432011
179.4804571,-1.624153,-2.8441371,3.4872459
179.255588,-1.8039863,-2.7766764,3.5411959
179.0273083,-1.9794701,-2.7081925,3.593841
178.7957024,-2.1505399,-2.6387107,3.645162
178.5608555,-2.3171325,-2.5682567,3.6951397
178.3228542,-2.4791866,-2.4968563,3.743756
178.0817862,-2.6366425,-2.4245358,3.7909927
177.8377402,-2.7894421,-2.3513221,3.8368326
177.5908062,-2.9375292,-2.2772419,3.8812587
177.3410753,-3.0808491,-2.2023226,3.9242547
177.0886393,-3.2193492,-2.1265918,3.9658047
176.8335914,-3.3529782,-2.0500774,4.0058935
176.5760256,-3.4816871,-1.9728077,4.0445061
176.3160366,-3.6054284,-1.894811,4.0816285
176.0537203,-3.7241564,-1.8161161,4.1172469
175.7891735,-3.8378275,-1.736752,4.1513483
175.5224935,-3.9463998,-1.656748,4.1839199
175.2537786,-4.0498331,-1.5761336,4.2149499
174.9831278,-4.1480895,-1.4949383,4.2444269
174.7106409,-4.2411328,-1.4131923,4.2723398
174.4364182,-4.3289286,-1.3309255,4.2986786
174.1605609,-4.4114445,-1.2481683,4.3234334
173.8831705,-4.4886503,-1.1649511,4.3465951
173.6043492,-4.5605174,-1.0813048,4.3681552
173.3241999,-4.6270193,-0.99726,4.3881058
173.0428257,-4.6881317,-0.9128477,4.4064395
172.7607082,-4.7457369,-0.8991681,4.4092513
172.4785761,-4.8032715,-0.8991681,4.4092513
172.1964441,-4.860806,-0.8991681,4.4092513
171.914312,-4.9183405,-0.8991681,4.4092513
171.63218,-4.975875,-0.8991681,4.4092513
171.350048,-5.0334095,-0.8991681,4.4092513
171.0679159,-5.090944,-0.8991681,4.4092513
170.7857839,-5.1484785,-0.8991681,4.4092513
170.5036519,-5.206013,-0.8991681,4.4092513
170.2215198,-5.2635476,-0.8991681,4.4092513
169.9393878,-5.3210821,-0.8991681,4.4092513
169.6572557,-5.3786166,-0.8991681,4.4092513
169.3751237,-5.4361511,-0.8991681,4.4092513
169.0929917,-5.4936856,-0.8991681,4.4092513
168.8108596,-5.5512201,-0.8991681,4.4092513
168.5287276,-5.6087546,-0.8991681,4.4092513
168.2465955,-5.6662891,-0.8991681,4.4092513
167.9644635,-5.7238237,-0.8991681,4.4092513
167.6823315,-5.7813582,-0.8991681,4.4092513
167.4001994,-5.8388927,-0.8991681,4.4092513
167.1180674,-5.8964272,-0.8991681,4.4092513
166.8359353,-5.9539617,-0.8991681,4.4092513
166.5538033,-6.0114962,-0.8991681,4.4092513
166.2716713,-6.0690307,-0.8991681,4.4092513
165.9895392,-6.1265652,-0.8991681,4.4092513
165.7074072,-6.1840998,-0.8991681,4.4092513
165.4252752,-6.2416343,-0.8991681,4.4092513
165.1431431,-6.2991688,-0.8991681,4.4092513
164.8610111,-6.3567033,-0.8991681,4.4092513
164.578879,-6.4142378,-0.8991681,4.4092513
164.296747,-6.4717723,-0.8991681,4.4092513
164.014615,-6.5293068,-0.8991681,4.4092513
163.7324829,-6.5868413,-0.8991681,4.4092513
163.4503509,-6.6443759,-0.8991681,4.4092513
163.1682188,-6.7019104,-0.8991681,4.4092513
162.8860868,-6.7594449,-0.8991681,4.4092513
162.6039548,-6.8169794,-0.8991681,4.4092513
162.3218227,-6.8745139,-0.8991681,4.4092513
162.0396907,-6.9320484,-0.8991681,4.4092513
161.7575586,-6.9895829,-0.8991681,4.4092513
161.4754266,-7.0471174,-0.8991681,4.4092513
161.1932946,-7.104652,-0.8991681,4.4092513
160.9111625,-7.1621865,-0.8991681,4.4092513
160.6290305,-7.219721,-0.8991681,4.4092513
160.3468985,-7.2772555,-0.8991681,4.4092513
160.0647664,-7.33479,-0.8991681,4.4092513
159.7826344,-7.3923245,-0.8991681,4.4092513
159.5005023,-7.449859,-0.8991681,4.4092513
159.2183703,-7.5073936,-0.8991681,4.4092513
158.9362383,-7.5649281,-0.8991681,4.4092513
158.6541062,-7.6224626,-0.8991681,4.4092513
158.3719742,-7.6799971,-0.8991681,4.4092513
158.0898421,-7.7375316,-0.8991681,4.4092513
157.8077101,-7.7950661,-0.8991681,4.4092513
157.5255781,-7.8526006,-0.8991681,4.4092513
157.243446,-7.9101351,-0.8991681,4.4092513
156.961314,-7.9676697,-0.8991681,4.4092513
156.679182,-8.0252042,-0.8991681,4.4092513
156.3970499,-8.0827387,-0.8991681,4.4092513
156.1149179,-8.1402732,-0.8991681,4.4092513
155.8327858,-8.1978077,-0.8991681,4.4092513
155.5506538,-8.2553422,-0.8991681,4.4092513
155.2685218,-8.3128767,-0.8991681,4.4092513
154.9863897,-8.3704112,-0.8991681,4.4092513
154.7042577,-8.4279458,-0.8991681,4.4092513
154.4221256,-8.4854803,-0.8991681,4.4092513
154.1399936,-8.5430148,-0.8991681,4.4092513
153.8578616,-8.6005493,-0.8991681,4.4092513
153.5757295,-8.6580838,-0.8991681,4.4092513
153.2935975,-8.7156183,-0.8991681,4.4092513
153.0114654,-8.7731528,-0.8991681,4.4092513
152.7293334,-8.8306873,-0.8991681,4.4092513
152.4472014,-8.8882219,-0.8991681,4.4092513
152.1650693,-8.9457564,-0.8991681,4.4092513
151.8829373,-9.0032909,-0.8991681,4.4092513
151.6008053,-9.0608254,-0.8991681,4.4092513
151.3186732,-9.1183599,-0.8991681,4.4092513
151.0365412,-9.1758944,-0.8991681,4.4092513
150.7544091,-9.2334289,-0.8991681,4.4092513
150.4722771,-9.2909634,-0.8991681,4.4092513
150.1901451,-9.348498,-0.8991681,4.4092513
149.908013,-9.4060325,-0.8991681,4.4092513
149.625881,-9.463567,-0.8991681,4.4092513
149.3437489,-9.5211015,-0.8991681,4.4092513
149.0616169,-9.578636,-0.8991681,4.4092513
148.7794849,-9.6361705,-0.8991681,4.4092513
148.4973528,-9.693705,-0.8991681,4.4092513
148.2152208,-9.7512395,-0.8991681,4.4092513
147.9330887,-9.8087741,-0.8991681,4.4092513
147.6509567,-9.8663086,-0.8991681,4.4092513
147.3688247,-9.9238431,-0.8991681,4.4092513
147.0866926,-9.9813776,-0.8991681,4.4092513
146.8045606,-10.0389121,-0.8991681,4.4092513
146.5224286,-10.0964466,-0.8991681,4.4092513
146.2402965,-10.1539811,-0.8991681,4.4092513
145.9581645,-10.2115156,-0.8991681,4.4092513
145.6760324,-10.2690502,-0.8991681,4.4092513
145.3939004,-10.3265847,-0.8991681,4.4092513
145.1117684,-10.3841192,-0.8991681,4.4092513
144.8296363,-10.4416537,-0.8991681,4.4092513
144.5475043,-10.4991882,-0.8991681,4.4092513
144.2653722,-10.5567227,-0.8991681,4.4092513
143.9832402,-10.6142572,-0.8991681,4.4092513
143.7011082,-10.6717917,-0.8991681,4.4092513
143.4189761,-10.7293263,-0.8991681,4.4092513
143.1368441,-10.7868608,-0.8991681,4.4092513
142.8547121,-10.8443953,-0.8991681,4.4092513
142.57258,-10.9019298,-0.8991681,4.4092513
142.290448,-10.9594643,-0.8991681,4.4092513
142.0083159,-11.0169988,-0.8991681,4.4092513
141.7261839,-11.0745333,-0.8991681,4.4092513
141.4440519,-11.1320678,-0.8991681,4.4092513
141.1619198,-11.1896024,-0.8991681,4.4092513
140.8797878,-11.2471369,-0.8991681,4.4092513
140.5976557,-11.3046714,-0.8991681,4.4092513
140.3155237,-11.3622059,-0.8991681,4.4092513
140.0333917,-11.4197404,-0.8991681,4.4092513
139.7512596,-11.4772749,-0.8991681,4.4092513
139.4691276,-11.5348094,-0.8991681,4.4092513
139.1869955,-11.592344,-0.8991681,4.4092513
138.9048635,-11.6498785,-0.8991681,4.4092513
138.6227315,-11.707413,-0.8991681,4.4092513
138.3405994,-11.7649475,-0.8991681,4.4092513
138.0584674,-11.822482,-0.8991681,4.4092513
137.7763354,-11.8800165,-0.8991681,4.4092513
137.4942033,-11.937551,-0.8991681,4.4092513
137.2120713,-11.9950855,-0.8991681,4.4092513
136.9299392,-12.0526201,-0.8991681,4.4092513
136.6478072,-12.1101546,-0.8991681,4.4092513
136.3656752,-12.1676891,-0.8991681,4.4092513
136.0835431,-12.2252236,-0.8991681,4.4092513
135.8014111,-12.2827581,-0.8991681,4.4092513
135.519279,-12.3402926,-0.8991681,4.4092513
135.237147,-12.3978271,-0.8991681,4.4092513
134.955015,-12.4553616,-0.8991681,4.4092513
134.6728829,-12.5128962,-0.8991681,4.4092513
134.3907509,-12.5704307,-0.8991681,4.4092513
134.1086189,-12.6279652,-0.8991681,4.4092513
133.8264868,-12.6854997,-0.8991681,4.4092513
133.5443548,-12.7430342,-0.8991681,4.4092513
133.2622227,-12.8005687,-0.8991681,4.4092513
132.9800907,-12.8581032,-0.8991681,4.4092513
132.6979587,-12.9156377,-0.8991681,4.4092513
132.4158266,-12.9731723,-0.8991681,4.4092513
132.1336946,-13.0307068,-0.8991681,4.4092513
131.8515625,-13.0882413,-0.8991681,4.4092513
131.5694305,-13.1457758,-0.8991681,4.4092513
131.2872985,-13.2033103,-0.8991681,4.4092513
131.0051664,-13.2608448,-0.8991681,4.4092513
130.7230344,-13.3183793,-0.8991681,4.4092513
130.4409023,-13.3759138,-0.8991681,4.4092513
130.1587703,-13.4334484,-0.8991681,4.4092513
129.8766383,-13.4909829,-0.8991681,4.4092513
129.5945062,-13.5485174,-0.8991681,4.4092513
129.3123742,-13.6060519,-0.8991681,4.4092513
129.0302422,-13.6635864,-0.8991681,4.4092513
128.7481101,-13.7211209,-0.8991681,4.4092513
128.4659781,-13.7786554,-0.8991681,4.4092513
128.183846,-13.8361899,-0.8991681,4.4092513
127.901714,-13.8937245,-0.8991681,4.4092513
127.619582,-13.951259,-0.8991681,4.4092513
127.3374499,-14.0087935,-0.8991681,4.4092513
127.0553179,-14.066328,-0.8991681,4.4092513
126.7731858,-14.1238625,-0.8991681,4.4092513
126.4910538,-14.181397,-0.8991681,4.4092513
126.2089218,-14.2389315,-0.8991681,4.4092513
125.9267897,-14.296466,-0.8991681,4.4092513
125.6446577,-14.3540006,-0.8991681,4.4092513
125.3625256,-14.4115351,-0.8991681,4.4092513
125.0803936,-14.4690696,-0.8991681,4.4092513
124.7982616,-14.5266041,-0.8991681,4.4092513
124.5161295,-14.5841386,-0.8991681,4.4092513
124.2339975,-14.6416731,-0.8991681,4.4092513
123.9518655,-14.6992076,-0.8991681,4.4092513
123.6697334,-14.7567421,-0.8991681,4.4092513
123.3876014,-14.8142767,-0.8991681,4.4092513
123.1054693,-14.8718112,-0.8991681,4.4092513
122.8233373,-14.9293457,-0.8991681,4.4092513
122.5412053,-14.9868802,-0.8991681,4.4092513
122.2590732,-15.0444147,-0.8991681,4.4092513
121.9769412,-15.1019492,-0.8991681,4.4092513
121.6948091,-15.1594837,-0.8991681,4.4092513
121.4126771,-15.2170183,-0.8991681,4.4092513
121.1305451,-15.2745528,-0.8991681,4.4092513
120.848413,-15.3320873,-0.8991681,4.4092513
120.566281,-15.3896218,-0.8991681,4.4092513
120.284149,-15.4471563,-0.8991681,4.4092513
120.0020169,-15.504691,-0.899637,4.4091556
119.7202288,-15.5638789,-0.9503588,4.3985018
119.4391409,-15.6263083,-1.0009546,4.3872645
119.1587908,-15.691971,-1.0514177,4.3754452
118.8792155,-15.7608582,-1.1017412,4.3630455
118.6004521,-15.8329607,-1.1519186,4.3500671
118.3225377,-15.9082691,-1.2019432,4.3365116
118.045509,-15.9867733,-1.2518084,4.3223808
117.7694029,-16.0684629,-1.3015075,4.3076767
117.4942559,-16.1533272,-1.3510339,4.2924011
117.2201046,-16.2413547,-1.4003812,4.2765562
116.9469853,-16.3325338,-1.4495426,4.2601439
116.6749343,-16.4268526,-1.4985118,4.2431665
116.4039876,-16.5242983,-1.5472822,4.2256263
116.1341811,-16.6248582,-1.5958474,4.2075255
115.8655508,-16.7285188,-1.6442009,4.1888666
115.5981321,-16.8352664,-1.6923362,4.169652
115.3319607,-16.9450869,-1.7402471,4.1498843
115.0670717,-17.0579657,-1.7879271,4.1295662
114.8035004,-17.1738879,-1.8353699,4.1087002
114.5412816,-17.2928379,-1.8825693,4.0872892
114.2804502,-17.4148001,-1.929519,4.065336
114.0210408,-17.5397583,-1.9762127,4.0428435
113.7630878,-17.6676959,-2.0226442,4.0198147
113.5066254,-17.798596,-2.0688074,3.9962527
113.2516876,-17.9324411,-2.1146962,3.9721606
112.9983083,-18.0692135,-2.1603045,3.9475416
112.746521,-18.2088951,-2.2056262,3.9223989
112.4963591,-18.3514674,-2.2506554,3.8967359
112.2478559,-18.4969113,-2.2953859,3.870556
112.0010443,-18.6452078,-2.339812,3.8438626
111.7559571,-18.7963369,-2.3839277,3.8166594
111.5126267,-18.9502788,-2.4277272,3.7889498
111.2710854,-19.107013,-2.4712046,3.7607377
111.0313653,-19.2665187,-2.5143542,3.7320266
110.7934982,-19.4287748,-2.5571703,3.7028205
110.5575156,-19.5937597,-2.5996472,3.6731233
110.3234489,-19.7614515,-2.6417792,3.6429387
110.091329,-19.931828,-2.6835608,3.612271
109.8611868,-20.1048666,-2.7249864,3.581124
109.6330528,-20.2805443,-2.7660505,3.549502
109.4069572,-20.4588379,-2.8067477,3.5174092
109.1829301,-20.6397236,-2.8470726,3.4848497
108.9610012,-20.8231776,-2.8870198,3.451828
108.7411999,-21.0091754,-2.926584,3.4183484
108.5235554,-21.1976923,-2.96576,3.3844154
108.3080965,-21.3887035,-3.0045426,3.3500334
108.0948518,-21.5821835,-3.0429267,3.315207
107.8838497,-21.7781066,-3.0809071,3.2799408
107.675118,-21.9764469,-3.1184788,3.2442395
107.4686846,-22.1771781,-3.1556368,3.2081079
107.2645767,-22.3802736,-3.1923762,3.1715508
107.0628214,-22.5857063,-3.2286921,3.1345729
106.8634456,-22.7934491,-3.2645798,3.0971792
106.6664756,-23.0034744,-3.3000344,3.0593746
106.4719376,-23.2157543,-3.3350512,3.0211642
106.2798574,-23.4302607,-3.3696257,2.9825531
106.0902605,-23.6469651,-3.4037531,2.9435463
105.903172,-23.8658388,-3.437429,2.904149
105.7186167,-24.0868527,-3.470649,2.8643665
105.5366192,-24.3099775,-3.5034085,2.8242041
105.3572035,-24.5351836,-3.5357034,2.7836669
105.1803935,-24.7624412,-3.5675292,2.7427606
105.0062126,-24.9917201,-3.5988817,2.7014904
104.8346839,-25.2229899,-3.6297569,2.6598618
104.6658303,-25.4562199,-3.6601506,2.6178804
104.4996739,-25.6913791,-3.6900587,2.5755518
104.3362371,-25.9284364,-3.7194773,2.5328814
104.1755413,-26.1673604,-3.7484026,2.4898751
104.0176079,-26.4081193,-3.7768306,2.4465385
103.8624579,-26.6506812,-3.8047576,2.4028774
103.7101118,-26.8950139,-3.8321799,2.3588975
103.5605899,-27.141085,-3.8590938,2.3146047
103.413912,-27.3888618,-3.8854958,2.2700049
103.2700976,-27.6383116,-3.9113824,2.2251039
103.1291656,-27.8894012,-3.9367502,2.1799078
102.9911349,-28.1420973,-3.9615957,2.1344225
102.8560237,-28.3963664,-3.9859157,2.0886541
102.72385,-28.6521747,-4.009707,2.0426086
102.5946312,-28.9094883,-4.0329664,1.9962921
102.4683846,-29.1682731,-4.0556908,1.9497108
102.3451268,-29.4284948,-4.0778772,1.9028709
102.2248743,-29.6901188,-4.0995226,1.8557786
102.107643,-29.9531104,-4.1206243,1.8084401
101.9934484,-30.2174348,-4.1411793,1.7608617
101.8823056,-30.4830569,-4.161185,1.7130498
101.7742295,-30.7499414,-4.1806387,1.6650105
101.6692343,-31.0180529,-4.1995378,1.6167505
101.567334,-31.287356,-4.2178799,1.5682759
101.4685422,-31.5578148,-4.2356624,1.5195933
101.3728718,-31.8293934,-4.2528831,1.4707092
101.2803356,-32.1020559,-4.2695396,1.4216299
101.1909459,-32.3757661,-4.2856297,1.3723621
101.1047145,-32.6504877,-4.3011514,1.3229122
101.0216529,-32.9261842,-4.3161025,1.2732868
100.9417721,-33.2028191,-4.330481,1.2234926
100.8650826,-33.4803556,-4.3442851,1.173536
100.7915947,-33.7587569,-4.3575129,1.1234237
100.7213182,-34.0379862,-4.3701627,1.0731625
100.6542622,-34.3180064,-4.3822328,1.0227588
100.5904358,-34.5987803,-4.3937216,0.9722195
100.5298473,-34.8802707,-4.4046275,0.9215513
100.4725049,-35.1624402,-4.4149491,0.8707608
100.4184161,-35.4452514,-4.4246851,0.8198547
100.3675882,-35.7286668,-4.4338341,0.76884
100.3200277,-36.0126489,-4.442395,0.7177232
100.2757412,-36.2971599,-4.4503666,0.6665112
100.2347343,-36.582162,-4.4577478,0.6152108
100.1970127,-36.8676176,-4.4645377,0.5638288
100.1625812,-37.1534886,-4.4707354,0.512372
100.1312739,-37.4397193,-4.4746023,0.4774243
100.1007253,-37.7260329,-4.4746023,0.4774243
100.0701766,-38.0123465,-4.4746023,0.4774243
100.0396279,-38.2986601,-4.4746023,0.4774243
100.0090793,-38.5849738,-4.4746023,0.4774243
99.9785306,-38.8712874,-4.4746023,0.4774243
99.947982,-39.157601,-4.4746023,0.4774243
99.9174333,-39.4439146,-4.4746023,0.4774243
99.8868847,-39.7302282,-4.4746023,0.4774243
99.856336,-40.0165418,-4.4746023,0.4774243
99.8257874,-40.3028555,-4.4746023,0.4774243
99.7952387,-40.5891691,-4.4746023,0.4774243
99.7646901,-40.8754827,-4.4746023,0.4774243
99.7341414,-41.1617963,-4.4746023,0.4774243
99.7035928,-41.4481099,-4.4746023,0.4774243
99.6730441,-41.7344235,-4.4746023,0.4774243
99.6424955,-42.0207372,-4.4746023,0.4774243
99.6119468,-42.3070508,-4.4746023,0.4774243
99.5813981,-42.5933644,-4.4746023,0.4774243
99.5508495,-42.879678,-4.4746023,0.4774243
99.5203008,-43.1659916,-4.4746023,0.4774243
99.4897522,-43.4523052,-4.4746023,0.4774243
99.4592035,-43.7386189,-4.4746023,0.4774243
99.4286549,-44.0249325,-4.4746023,0.4774243
99.3981062,-44.3112461,-4.4746023,0.4774243
99.3675576,-44.5975597,-4.4746023,0.4774243
99.3370089,-44.8838733,-4.4746023,0.4774243
99.3064603,-45.1701869,-4.4746023,0.4774243
99.2759116,-45.4565006,-4.4746023,0.4774243
99.245363,-45.7428142,-4.4746023,0.4774243
99.2148143,-46.0291278,-4.4746023,0.4774243
99.1842656,-46.3154414,-4.4746023,0.4774243
99.153717,-46.601755,-4.4746023,0.4774243
99.1231683,-46.8880686,-4.4746023,0.4774243
99.0926197,-47.1743823,-4.4746023,0.4774243
99.062071,-47.4606959,-4.4746023,0.4774243
99.0315224,-47.7470095,-4.4746023,0.4774243
99.0009737,-48.0333231,-4.4746023,0.4774243
98.9704251,-48.3196367,-4.4746023,0.4774243
98.9398764,-48.6059504,-4.4746023,0.4774243
98.9093278,-48.892264,-4.4746023,0.4774243
98.8787791,-49.1785776,-4.4746023,0.4774243
98.8482305,-49.4648912,-4.4746023,0.4774243
98.8176818,-49.7512048,-4.4746023,0.4774243
98.7871331,-50.0375184,-4.4746023,0.4774243
98.7565845,-50.3238321,-4.4746023,0.4774243
98.7260358,-50.6101457,-4.4746023,0.4774243
98.6954872,-50.8964593,-4.4746023,0.4774243
98.6649385,-51.1827729,-4.4746023,0.4774243
98.6343899,-51.4690865,-4.4746023,0.4774243
98.6038412,-51.7554001,-4.4746023,0.4774243
98.5732926,-52.0417138,-4.4746023,0.4774243
98.5427439,-52.3280274,-4.4746023,0.4774243
98.5121953,-52.614341,-4.4746023,0.4774243
98.4816466,-52.9006546,-4.4746023,0.4774243
98.451098,-53.1869682,-4.4746023,0.4774243
98.4205493,-53.4732818,-4.4746023,0.4774243
98.3900007,-53.7595955,-4.4746023,0.4774243
98.359452,-54.0459091,-4.4746023,0.4774243
98.3289033,-54.3322227,-4.4746023,0.4774243
98.2983547,-54.6185363,-4.4746023,0.4774243
98.267806,-54.9048499,-4.4746023,0.4774243
98.2372574,-55.1911635,-4.4746023,0.4774243
98.2067087,-55.4774772,-4.4746023,0.4774243
98.1761601,-55.7637908,-4.4746023,0.4774243
98.1456114,-56.0501044,-4.4746023,0.4774243
98.1150628,-56.336418,-4.4746023,0.4774243
98.0845141,-56.6227316,-4.4746023,0.4774243
98.0539655,-56.9090452,-4.4746023,0.4774243
98.0234168,-57.1953589,-4.4746023,0.4774243
97.9928682,-57.4816725,-4.4746023,0.4774243
97.9623195,-57.7679861,-4.4746023,0.4774243
97.9317708,-58.0542997,-4.4746023,0.4774243
97.9012222,-58.3406133,-4.4746023,0.4774243
97.8706735,-58.6269269,-4.4746023,0.4774243
97.8401249,-58.9132406,-4.4746023,0.4774243
97.8095762,-59.1995542,-4.4746023,0.4774243
97.7790276,-59.4858678,-4.4746023,0.4774243
97.7484789,-59.7721814,-4.4746023,0.4774243
97.7179303,-60.058495,-4.4746023,0.4774243
97.6873816,-60.3448086,-4.4746023,0.4774243
97.656833,-60.6311223,-4.4746023,0.4774243
97.6262843,-60.9174359,-4.4746023,0.4774243
97.5957357,-61.2037495,-4.4746023,0.4774243
97.565187,-61.4900631,-4.4746023,0.4774243
97.5346383,-61.7763767,-4.4746023,0.4774243
97.5040897,-62.0626903,-4.4746023,0.4774243
97.473541,-62.349004,-4.4746023,0.4774243
97.4429924,-62.6353176,-4.4746023,0.4774243
97.4124437,-62.9216312,-4.4746023,0.4774243
97.3818951,-63.2079448,-4.4746023,0.4774243
97.3513464,-63.4942584,-4.4746023,0.4774243
97.3207978,-63.780572,-4.4746023,0.4774243
97.2902491,-64.0668857,-4.4746023,0.4774243
97.2597005,-64.3531993,-4.4746023,0.4774243
97.2291518,-64.6395129,-4.4746023,0.4774243
97.1986032,-64.9258265,-4.4746023,0.4774243
97.1680545,-65.2121401,-4.4746023,0.4774243
97.1375059,-65.4984537,-4.4746023,0.4774243
97.1069572,-65.7847674,-4.4746023,0.4774243
97.0764085,-66.071081,-4.4746023,0.4774243
97.0458599,-66.3573946,-4.4746023,0.4774243
97.0153112,-66.6437082,-4.4746023,0.4774243
96.9847626,-66.9300218,-4.4746023,0.4774243
96.9542139,-67.2163354,-4.4746023,0.4774243
96.9236653,-67.5026491,-4.4746023,0.4774243
96.8931166,-67.7889627,-4.4746023,0.4774243
96.862568,-68.0752763,-4.4746023,0.4774243
96.8320193,-68.3615899,-4.4746023,0.4774243
96.8014707,-68.6479035,-4.4746023,0.4774243
96.770922,-68.9342171,-4.4746023,0.4774243
96.7403734,-69.2205308,-4.4746023,0.4774243
96.7098247,-69.5068444,-4.4746023,0.4774243
96.679276,-69.793158,-4.4746023,0.4774243
96.6487274,-70.0794716,-4.4746023,0.4774243
96.6181787,-70.3657852,-4.4746023,0.4774243
96.5876301,-70.6520988,-4.4746023,0.4774243
96.5570814,-70.9384125,-4.4746023,0.4774243
96.5265328,-71.2247261,-4.4746023,0.4774243
96.4959841,-71.5110397,-4.4746023,0.4774243
96.4654355,-71.7973533,-4.4746023,0.4774243
96.4348868,-72.0836669,-4.4746023,0.4774243
96.4043382,-72.3699805,-4.4746023,0.4774243
96.3737895,-72.6562942,-4.4746023,0.4774243
96.3432409,-72.9426078,-4.4746023,0.4774243
96.3126922,-73.2289214,-4.4746023,0.4774243
96.2821435,-73.515235,-4.4746023,0.4774243
96.2515949,-73.8015486,-4.4746023,0.4774243
96.2210462,-74.0878623,-4.4746023,0.4774243
96.1904976,-74.3741759,-4.4746023,0.4774243
96.1599489,-74.6604895,-4.4746023,0.4774243
96.1294003,-74.9468031,-4.4746023,0.4774243
96.0988516,-75.2331167,-4.4746023,0.4774243
96.068303,-75.5194303,-4.4746023,0.4774243
96.0377543,-75.805744,-4.4746023,0.4774243
96.0072057,-76.0920576,-4.4746023,0.4774243
95.976657,-76.3783712,-4.4746023,0.4774243
95.9461084,-76.6646848,-4.4746023,0.4774243
95.9155597,-76.9509984,-4.4746023,0.4774243
95.885011,-77.237312,-4.4746023,0.4774243
95.8544624,-77.5236257,-4.4746023,0.4774243
95.8239137,-77.8099393,-4.4746023,0.4774243
95.7933651,-78.0962529,-4.4746023,0.4774243
95.7628164,-78.3825665,-4.4746023,0.4774243
95.7322678,-78.6688801,-4.4746023,0.4774243
95.7017191,-78.9551937,-4.4746023,0.4774243
95.6711705,-79.2415074,-4.4746023,0.4774243
95.6406218,-79.527821,-4.4746023,0.4774243
95.6100732,-79.8141346,-4.4746023,0.4774243
95.5795245,-80.1004482,-4.4746023,0.4774243
95.5489759,-80.3867618,-4.4746023,0.4774243
95.5184272,-80.6730754,-4.4746023,0.4774243
95.4878786,-80.9593891,-4.4746023,0.4774243
95.4573299,-81.2457027,-4.4746023,0.4774243
95.4267812,-81.5320163,-4.4746023,0.4774243
95.3962326,-81.8183299,-4.4746023,0.4774243
95.3656839,-82.1046435,-4.4746023,0.4774243
95.3351353,-82.3909571,-4.4746023,0.4774243
95.3045866,-82.6772708,-4.4746023,0.4774243
95.274038,-82.9635844,-4.4746023,0.4774243
95.2434893,-83.249898,-4.4746023,0.4774243
95.2129407,-83.5362116,-4.4746023,0.4774243
95.182392,-83.8225252,-4.4746023,0.4774243
95.1518434,-84.1088388,-4.4746023,0.4774243
95.1212947,-84.3951525,-4.4746023,0.4774243
95.0907461,-84.6814661,-4.4746023,0.4774243
95.0601974,-84.9677797,-4.4746023,0.4774243
95.0296487,-85.2540933,-4.4746023,0.4774243
94.9991001,-85.5404069,-4.4746023,0.4774243
94.9685514,-85.8267205,-4.4746023,0.4774243
94.9378664,-86.1130194,-4.4720399,0.5008587
94.9017033,-86.3986681,-4.4557665,0.6294007
94.8573314,-86.6831573,-4.4357991,0.7574208
94.8047874,-86.9662512,-4.4121543,0.884813
94.744115,-87.2477149,-4.3848518,1.0114717
94.6753645,-87.5273152,-4.353914,1.1372919
94.5985928,-87.8048203,-4.3193667,1.2621691
94.5138635,-88.0800002,-4.2812386,1.3860001
94.421247,-88.3526266,-4.2395612,1.508682
94.32082,-88.6224735,-4.194369,1.6301131
94.2126657,-88.8893174,-4.1456996,1.7501928
94.0968739,-89.1529369,-4.0935933,1.8688216
93.9735405,-89.4131135,-4.0380932,1.9859011
93.8427678,-89.6696314,-3.9792455,2.1013341
93.7046641,-89.9222781,-3.9170989,2.2150252
93.5593441,-90.1708441,-3.8517048,2.3268799
93.406928,-90.4151234,-3.7831176,2.4368055
93.2475424,-90.6549133,-3.7113941,2.544711
93.0813193,-90.8900151,-3.6365937,2.6505068
92.9083966,-91.1202339,-3.5587785,2.7541053
92.7289176,-91.3453789,-3.4780129,2.8554205
92.543031,-91.5652633,-3.394364,2.9543685
92.3508911,-91.779705,-3.307901,3.0508673
92.1526571,-91.9885261,-3.2186957,3.1448367
91.9484933,-92.1915535,-3.126822,3.2361991
91.7385689,-92.3886189,-3.032356,3.3248785
91.5230582,-92.5795588,-2.9353762,3.4108015
91.3021396,-92.7642152,-2.8359628,3.4938968
91.0759963,-92.9424347,-2.7341983,3.5740956
90.8448159,-93.1140697,-2.6301671,3.6513314
90.6087899,-93.278978,-2.5239555,3.7255401
90.3681141,-93.4370227,-2.4156513,3.7966602
90.1229879,-93.5880728,-2.3053446,3.8646328
89.8736147,-93.7320032,-2.1931266,3.9294014
89.620201,-93.8686945,-2.0790905,3.9909125
89.3629571,-93.9980334,-1.9633307,4.049115
89.1020962,-94.1199127,-1.8459433,4.1039607
88.8378345,-94.2342312,-1.7270255,4.1554041
88.5703911,-94.3408943,-1.606676,4.2034025
88.2999878,-94.4398136,-1.4849945,4.2479161
88.0268487,-94.5309069,-1.3620819,4.2889081
87.7512002,-94.6140989,-1.2380401,4.3263445
87.4732709,-94.6893205,-1.1129719,4.3601942
87.1932912,-94.7565093,-0.986981,4.3904292
86.9114932,-94.8156097,-0.8601719,4.4170244
86.6281105,-94.8665727,-0.7326497,4.4399577
86.343378,-94.909356,-0.6045201,4.4592102
86.0575319,-94.9439241,-0.4758893,4.4747658
85.770809,-94.9702484,-0.346864,4.4866118
85.4834471,-94.9883071,-0.2175512,4.4947382
85.1956844,-94.9980852,-0.088058,4.4991383
84.9077595,-94.9995746,0.0415082,4.4998086
84.619911,-94.992774,0.17104,4.4967483
84.3323777,-94.9776891,0.3004301,4.4899601
84.0453978,-94.9543325,0.429571,4.4794496
83.7592093,-94.9227233,0.5583558,4.4652255
83.4740495,-94.882888,0.6866777,4.4472996
83.1901547,-94.8348594,0.8144304,4.4256867
82.9077604,-94.7786775,0.9415078,4.4004049
82.6271006,-94.7143887,1.0678047,4.3714749
82.348408,-94.6420464,1.1932164,4.3389209
82.0719136,-94.5617106,1.3176389,4.3027698
81.7978467,-94.4734479,1.440969,4.2630515
81.5264345,-94.3773313,1.5631045,4.2197991
81.2579019,-94.2734407,1.6839441,4.1730483
80.9924717,-94.1618621,1.8033877,4.1228379
80.7303639,-94.0426881,1.9213363,4.0692096
80.4717957,-93.9160174,2.0376919,4.0122078
80.2169815,-93.781955,2.1523583,3.9518798
79.9661326,-93.6406122,2.2652403,3.8882755
79.7194569,-93.492106,2.3762444,3.8214477
79.4771589,-93.3365596,2.4852785,3.7514518
79.2394396,-93.174102,2.5922522,3.6783459
79.0064959,-93.0048678,2.6970769,3.6021905
78.778521,-92.8289973,2.7996656,3.5230488
78.5557039,-92.6466363,2.8999333,3.4409864
78.3382293,-92.4579361,2.9977968,3.3560712
78.1262775,-92.263053,3.0931751,3.2683739
77.9200242,-92.0621486,3.1859891,3.1779669
77.7196405,-91.8553895,3.2761618,3.0849253
77.5252924,-91.6429471,3.3636184,2.9893262
77.337141,-91.4249974,3.4482865,2.8912488
77.1553424,-91.2017213,3.5300959,2.7907746
76.9800472,-90.9733037,3.6089788,2.6879867
76.8114008,-90.7399341,3.6848696,2.5829703
76.649543,-90.5018059,3.7577056,2.4758127
76.494608,-90.2591166,3.8274264,2.3666025
76.3467242,-90.0120673,3.8939741,2.2554303
76.2060142,-89.7608628,3.9572936,2.1423883
76.0725948,-89.5057114,4.0173324,2.0275701
75.9465763,-89.2468247,4.0740406,1.9110711
75.8280635,-88.9844172,4.1273714,1.7929878
75.7171544,-88.7187066,4.1772805,1.6734179
75.6139412,-88.449913,4.2237265,1.5524608
75.5185092,-88.1782593,4.2666709,1.4302167
75.4309377,-87.9039707,4.3060781,1.3067868
75.3512992,-87.6272747,4.3419154,1.1822736
75.2796597,-87.3484006,4.3741531,1.0567803
75.2160788,-87.0675796,4.4027646,0.9304108
75.160609,-86.7850445,4.427726,0.80327
75.1132963,-86.5010295,4.4490167,0.6754633
75.0725837,-86.2159851,4.4560808,0.6271717
75.0324533,-85.9308566,4.4560808,0.6271717
74.9923228,-85.6457282,4.4560808,0.6271717
74.9521924,-85.3605997,4.4560808,0.6271717
74.9120619,-85.0754712,4.4560808,0.6271717
74.8719315,-84.7903427,4.4560808,0.6271717
74.831801,-84.5052142,4.4560808,0.6271717
74.7916706,-84.2200857,4.4560808,0.6271717
74.7515401,-83.9349572,4.4560808,0.6271717
74.7114097,-83.6498287,4.4560808,0.6271717
74.6712793,-83.3647003,4.4560808,0.6271717
74.6311488,-83.0795718,4.4560808,0.6271717
74.5910184,-82.7944433,4.4560808,0.6271717
74.5508879,-82.5093148,4.4560808,0.6271717
74.5107575,-82.2241863,4.4560808,0.6271717
74.470627,-81.9390578,4.4560808,0.6271717
74.4304966,-81.6539293,4.4560808,0.6271717
74.3903661,-81.3688008,4.4560808,0.6271717
74.3502357,-81.0836724,4.4560808,0.6271717
74.3101052,-80.7985439,4.4560808,0.6271717
74.2699748,-80.5134154,4.4560808,0.6271717
74.2298443,-80.2282869,4.4560808,0.6271717
74.1897139,-79.9431584,4.4560808,0.6271717
74.1495834,-79.6580299,4.4560808,0.6271717
74.109453,-79.3729014,4.4560808,0.6271717
74.0693225,-79.0877729,4.4560808,0.6271717
74.0291921,-78.8026444,4.4560808,0.6271717
73.9890616,-78.517516,4.4560808,0.6271717
73.9489312,-78.2323875,4.4560808,0.6271717
73.9088007,-77.947259,4.4560808,0.6271717
73.8686703,-77.6621305,4.4560808,0.6271717
73.8285398,-77.377002,4.4560808,0.6271717
73.7884094,-77.0918735,4.4560808,0.6271717
73.7482789,-76.806745,4.4560808,0.6271717
73.7081485,-76.5216165,4.4560808,0.6271717
73.668018,-76.2364881,4.4560808,0.6271717
73.6278876,-75.9513596,4.4560808,0.6271717
73.5877572,-75.6662311,4.4560808,0.6271717
73.5476267,-75.3811026,4.4560808,0.6271717
73.5074963,-75.0959741,4.4560808,0.6271717
73.4673658,-74.8108456,4.4560808,0.6271717
73.4272354,-74.5257171,4.4560808,0.6271717
73.3871049,-74.2405886,4.4560808,0.6271717
73.3469745,-73.9554602,4.4560808,0.6271717
73.306844,-73.6703317,4.4560808,0.6271717
73.2667136,-73.3852032,4.4560808,0.6271717
73.2265831,-73.1000747,4.4560808,0.6271717
73.1864527,-72.8149462,4.4560808,0.6271717
73.1463222,-72.5298177,4.4560808,0.6271717
73.1061918,-72.2446892,4.4560808,0.6271717
73.0660613,-71.9595607,4.4560808,0.6271717
73.0259309,-71.6744323,4.4560808,0.6271717
72.9858004,-71.3893038,4.4560808,0.6271717
72.94567,-71.1041753,4.4560808,0.6271717
72.9055395,-70.8190468,4.4560808,0.6271717
72.8654091,-70.5339183,4.4560808,0.6271717
72.8252786,-70.2487898,4.4560808,0.6271717
72.7851482,-69.9636613,4.4560808,0.6271717
72.7450177,-69.6785328,4.4560808,0.6271717
72.7048873,-69.3934044,4.4560808,0.6271717
72.6647568,-69.1082759,4.4560808,0.6271717
72.6246264,-68.8231474,4.4560808,0.6271717
72.5844959,-68.5380189,4.4560808,0.6271717
72.5443655,-68.2528904,4.4560808,0.6271717
72.5042351,-67.9677619,4.4560808,0.6271717
72.4641046,-67.6826334,4.4560808,0.6271717
72.4239742,-67.3975049,4.4560808,0.6271717
72.3838437,-67.1123764,4.4560808,0.6271717
72.3437133,-66.827248,4.4560808,0.6271717
72.3035828,-66.5421195,4.4560808,0.6271717
72.2634524,-66.256991,4.4560808,0.6271717
72.2233219,-65.9718625,4.4560808,0.6271717
72.1831915,-65.686734,4.4560808,0.6271717
72.143061,-65.4016055,4.4560808,0.6271717
72.1029306,-65.116477,4.4560808,0.6271717
72.0628001,-64.8313485,4.4560808,0.6271717
72.0226697,-64.5462201,4.4560808,0.6271717
71.9825392,-64.2610916,4.4560808,0.6271717
71.9424088,-63.9759631,4.4560808,0.6271717
71.9022783,-63.6908346,4.4560808,0.6271717
71.8621479,-63.4057061,4.4560808,0.6271717
71.8220174,-63.1205776,4.4560808,0.6271717
71.781887,-62.8354491,4.4560808,0.6271717
71.7417565,-62.5503206,4.4560808,0.6271717
71.7016261,-62.2651922,4.4560808,0.6271717
71.6614956,-61.9800637,4.4560808,0.6271717
71.6213652,-61.6949352,4.4560808,0.6271717
71.5812347,-61.4098067,4.4560808,0.6271717
71.5411043,-61.1246782,4.4560808,0.6271717
71.5009738,-60.8395497,4.4560808,0.6271717
71.4608434,-60.5544212,4.4560808,0.6271717
71.420713,-60.2692927,4.4560808,0.6271717
71.3805825,-59.9841643,4.4560808,0.6271717
71.3404521,-59.6990358,4.4560808,0.6271717
71.3003216,-59.4139073,4.4560808,0.6271717
71.2601912,-59.1287788,4.4560808,0.6271717
71.2200607,-58.8436503,4.4560808,0.6271717
71.1799303,-58.5585218,4.4560808,0.6271717
71.1397998,-58.2733933,4.4560808,0.6271717
71.0996694,-57.9882648,4.4560808,0.6271717
71.0595389,-57.7031363,4.4560808,0.6271717
71.0194085,-57.4180079,4.4560808,0.6271717
70.979278,-57.1328794,4.4560808,0.6271717
70.9391476,-56.8477509,4.4560808,0.6271717
70.8990171,-56.5626224,4.4560808,0.6271717
70.8588867,-56.2774939,4.4560808,0.6271717
70.8187562,-55.9923654,4.4560808,0.6271717
70.7786258,-55.7072369,4.4560808,0.6271717
70.7384953,-55.4221084,4.4560808,0.6271717
70.6983649,-55.13698,4.4560808,0.6271717
70.6582344,-54.8518515,4.4560808,0.6271717
70.618104,-54.566723,4.4560808,0.6271717
70.5779735,-54.2815945,4.4560808,0.6271717
70.5378431,-53.996466,4.4560808,0.6271717
70.4977126,-53.7113375,4.4560808,0.6271717
70.4575822,-53.426209,4.4560808,0.6271717
70.4174517,-53.1410805,4.4560808,0.6271717
70.3773213,-52.8559521,4.4560808,0.6271717
70.3371909,-52.5708236,4.4560808,0.6271717
70.2970604,-52.2856951,4.4560808,0.6271717
70.25693,-52.0005666,4.4560808,0.6271717
70.2167995,-51.7154381,4.4560808,0.6271717
70.1766691,-51.4303096,4.4560808,0.6271717
70.1365386,-51.1451811,4.4560808,0.6271717
70.0964082,-50.8600526,4.4560808,0.6271717
70.0562777,-50.5749242,4.4560808,0.6271717
70.0161473,-50.2897957,4.4560808,0.6271717
69.9760168,-50.0046672,4.4560808,0.6271717
69.9358864,-49.7195387,4.4560808,0.6271717
69.8957559,-49.4344102,4.4560808,0.6271717
69.8556255,-49.1492817,4.4560808,0.6271717
69.815495,-48.8641532,4.4560808,0.6271717
69.7753646,-48.5790247,4.4560808,0.6271717
69.7352341,-48.2938963,4.4560808,0.6271717
69.6951037,-48.0087678,4.4560808,0.6271717
69.6549732,-47.7236393,4.4560808,0.6271717
69.6148428,-47.4385108,4.4560808,0.6271717
69.5747123,-47.1533823,4.4560808,0.6271717
69.5345819,-46.8682538,4.4560808,0.6271717
69.4944514,-46.5831253,4.4560808,0.6271717
69.454321,-46.2979968,4.4560808,0.6271717
69.4141905,-46.0128683,4.4560808,0.6271717
69.3740601,-45.7277399,4.4560808,0.6271717
69.3339296,-45.4426114,4.4560808,0.6271717
69.2937992,-45.1574829,4.4560808,0.6271717
69.2536688,-44.8723544,4.4560808,0.6271717
69.2135383,-44.5872259,4.4560808,0.6271717
69.1734079,-44.3020974,4.4560808,0.6271717
69.1332774,-44.0169689,4.4560808,0.6271717
69.093147,-43.7318404,4.4560808,0.6271717
69.0530165,-43.446712,4.4560808,0.6271717
69.0128861,-43.1615835,4.4560808,0.6271717
68.9727556,-42.876455,4.4560808,0.6271717
68.9326252,-42.5913265,4.4560808,0.6271717
68.8924947,-42.306198,4.4560808,0.6271717
68.8523643,-42.0210695,4.4560808,0.6271717
68.8122338,-41.735941,4.4560808,0.6271717
68.7721034,-41.4508125,4.4560808,0.6271717
68.7319729,-41.1656841,4.4560808,0.6271717
68.6918425,-40.8805556,4.4560808,0.6271717
68.651712,-40.5954271,4.4560808,0.6271717
68.6115816,-40.3102986,4.4560808,0.6271717
68.5714511,-40.0251701,4.4560808,0.6271717
68.5313207,-39.7400416,4.4560808,0.6271717
68.4911902,-39.4549131,4.4560808,0.6271717
68.4510598,-39.1697846,4.4560808,0.6271717
68.4109293,-38.8846562,4.4560808,0.6271717
68.3707989,-38.5995277,4.4560808,0.6271717
68.3306684,-38.3143992,4.4560808,0.6271717
68.290538,-38.0292707,4.4560808,0.6271717
68.2504075,-37.7441422,4.4560808,0.6271717
68.2102771,-37.4590137,4.4560808,0.6271717
68.1701467,-37.1738852,4.4560808,0.6271717
68.1300162,-36.8887567,4.4560808,0.6271717
68.0898858,-36.6036282,4.4560808,0.6271717
68.0497553,-36.3184998,4.4560808,0.6271717
68.0096249,-36.0333713,4.4560808,0.6271717
67.9694944,-35.7482428,4.4560808,0.6271717
67.929364,-35.4631143,4.4560808,0.6271717
67.8892335,-35.1779858,4.4560808,0.6271717
67.8491031,-34.8928573,4.4560808,0.6271717
67.8089726,-34.6077288,4.4560808,0.6271717
67.7688422,-34.3226003,4.4560808,0.6271717
67.7287117,-34.0374719,4.4560808,0.6271717
67.6885813,-33.7523434,4.4560808,0.6271717
67.6484508,-33.4672149,4.4560808,0.6271717
67.6083204,-33.1820864,4.4560808,0.6271717
67.5681899,-32.8969579,4.4560808,0.6271717
67.5280595,-32.6118294,4.4560808,0.6271717
67.487929,-32.3267009,4.4560808,0.6271717
67.4477986,-32.0415724,4.4560808,0.6271717
67.4076681,-31.756444,4.4560808,0.6271717
67.3675377,-31.4713155,4.4560808,0.6271717
67.3274072,-31.186187,4.4560808,0.6271717
67.2872768,-30.9010585,4.4560808,0.6271717
67.2471463,-30.61593,4.4560808,0.6271717
67.2070159,-30.3308015,4.4560808,0.6271717
67.1668854,-30.045673,4.4560808,0.6271717
67.126755,-29.7605445,4.4560808,0.6271717
67.0866246,-29.4754161,4.4560808,0.6271717
67.0464941,-29.1902876,4.4560808,0.6271717
67.0063637,-28.9051591,4.4560808,0.6271717
66.9662332,-28.6200306,4.4560808,0.6271717
66.9261028,-28.3349021,4.4560808,0.6271717
66.8859723,-28.0497736,4.4560808,0.6271717
66.8458419,-27.7646451,4.4560808,0.6271717
66.8057114,-27.4795166,4.4560808,0.6271717
66.765581,-27.1943882,4.4560808,0.6271717
66.7254505,-26.9092597,4.4560808,0.6271717
66.6853201,-26.6241312,4.4560808,0.6271717
66.6451896,-26.3390027,4.4560808,0.6271717
66.6050592,-26.0538742,4.4560808,0.6271717
66.5649287,-25.7687457,4.4560808,0.6271717
66.5247983,-25.4836172,4.4560808,0.6271717
66.4846678,-25.1984887,4.4560808,0.6271717
66.4445374,-24.9133602,4.4560808,0.6271717
66.4044069,-24.6282318,4.4560808,0.6271717
66.3642765,-24.3431033,4.4560808,0.6271717
66.324146,-24.0579748,4.4560808,0.6271717
66.2840156,-23.7728463,4.4560808,0.6271717
66.2438851,-23.4877178,4.4560808,0.6271717
66.2037547,-23.2025893,4.4560808,0.6271717
66.1636242,-22.9174608,4.4560808,0.6271717
66.1234938,-22.6323323,4.4560808,0.6271717
66.0833633,-22.3472039,4.4560808,0.6271717
66.0432329,-22.0620754,4.4560808,0.6271717
66.0031025,-21.7769469,4.4560808,0.6271717
65.962972,-21.4918184,4.4560808,0.6271717
65.9228416,-21.2066899,4.4560808,0.6271717
65.8827111,-20.9215614,4.4560808,0.6271717
65.8425807,-20.6364329,4.4560808,0.6271717
65.8024502,-20.3513044,4.4560808,0.6271717
65.7623198,-20.066176,4.4560808,0.6271717
65.7221893,-19.7810475,4.4560808,0.6271717
65.6820589,-19.495919,4.4560808,0.6271717
65.6419284,-19.2107905,4.4560808,0.6271717
65.601798,-18.925662,4.4560808,0.6271717
65.5616675,-18.6405335,4.4560808,0.6271717
65.5215371,-18.355405,4.4560808,0.6271717
65.4814066,-18.0702765,4.4560808,0.6271717
65.4412762,-17.7851481,4.4560808,0.6271717
65.4011457,-17.5000196,4.4560808,0.6271717
65.3610153,-17.2148911,4.4560808,0.6271717
65.3208848,-16.9297626,4.4560808,0.6271717
65.2807544,-16.6446341,4.4560808,0.6271717
65.2406239,-16.3595056,4.4560808,0.6271717
65.2004935,-16.0743771,4.4560808,0.6271717
65.160363,-15.7892486,4.4560808,0.6271717
65.1202326,-15.5041202,4.4560808,0.6271717
65.0801021,-15.2189917,4.4560808,0.6271717
65.0399717,-14.9338632,4.4560808,0.6271717
64.9998412,-14.6487347,4.4560808,0.6271717
64.9597108,-14.3636062,4.4560808,0.6271717
64.9144949,-14.0792721,4.4230454,0.8286551
64.8533547,-13.7979401,4.3680192,1.0818539
64.7761236,-13.5205935,4.2985112,1.3314659
64.6830575,-13.2481517,4.2147518,1.5766634
64.5744651,-12.9815181,4.1170186,1.8166337
64.4507064,-12.7215767,4.0056357,2.050581
64.3121916,-12.4691891,3.8809724,2.2777298
64.1593801,-12.2251924,3.7434421,2.4973269
63.9927784,-11.9903952,3.5935005,2.7086443
63.8129389,-11.7655763,3.431645,2.9109813
63.6204579,-11.5514808,3.2584121,3.1036672
63.4159735,-11.3488187,3.0743762,3.2860632
63.2001637,-11.1582618,2.8801474,3.4575643
62.973744,-10.980442,2.6763696,3.6176022
62.737465,-10.8159487,2.4637185,3.7656462
62.4921102,-10.6653274,2.2428991,3.9012054
62.2384929,-10.5290773,2.0146436,4.0238304
61.977454,-10.4076503,1.7797086,4.1331147
61.7098591,-10.3014489,1.5388732,4.2286959
61.4365952,-10.2108253,1.2929357,4.3102572
61.1585684,-10.1360798,1.0427115,4.3775281
60.8767004,-10.0774604,0.7890303,4.4302857
60.5919258,-10.0351612,0.5327332,4.4683549
60.3051887,-10.0093227,0.2746698,4.4916096
60.0174397,-10.0000304,0.0156958,4.4999726
59.729633,-10.0073152,-0.2433303,4.4934163
59.4427226,-10.0311529,-0.5015497,4.4719624
59.1576598,-10.0714644,-0.7581061,4.435682
58.8753898,-10.1281162,-1.0121492,4.3846954
58.5968483,-10.2009204,-1.2628365,4.3191717
58.3229589,-10.2896356,-1.509337,4.239328
58.0546296,-10.3939676,-1.7508333,4.1454291
57.7927501,-10.5135707,-1.9865249,4.0377864
57.5381885,-10.6480482,-2.2156304,3.9167566
57.2917889,-10.7969544,-2.43739,3.7827411
57.0543682,-10.9597954,-2.6510686,3.6361841
56.8267135,-11.1360315,-2.8559578,3.4775717
56.6095797,-11.3250782,-3.0513783,3.3074296
56.4036865,-11.526309,-3.2366821,3.1263219
56.2050185,-11.7347306,-3.2586207,3.1034483
56.0064401,-11.9432379,-3.2586207,3.1034483
55.8078616,-12.1517453,-3.2586207,3.1034483
55.6092832,-12.3602526,-3.2586207,3.1034483
55.4107048,-12.56876,-3.2586207,3.1034483
55.2121263,-12.7772673,-3.2586207,3.1034483
55.0135479,-12.9857747,-3.2586207,3.1034483
54.8149695,-13.194282,-3.2586207,3.1034483
54.6163911,-13.4027894,-3.2586207,3.1034483
54.4178126,-13.6112967,-3.2586207,3.1034483
54.2192342,-13.8198041,-3.2586207,3.1034483
54.0206558,-14.0283114,-3.2586207,3.1034483
53.8220773,-14.2368188,-3.2586207,3.1034483
53.6234989,-14.4453261,-3.2586207,3.1034483
53.4249205,-14.6538335,-3.2586207,3.1034483
53.2263421,-14.8623408,-3.2586207,3.1034483
53.0277636,-15.0708482,-3.2586207,3.1034483
52.8291852,-15.2793555,-3.2586207,3.1034483
52.6306068,-15.4878629,-3.2586207,3.1034483
52.4320283,-15.6963702,-3.2586207,3.1034483
52.2334499,-15.9048776,-3.2586207,3.1034483
52.0348715,-16.1133849,-3.2586207,3.1034483
51.8362931,-16.3218923,-3.2586207,3.1034483
51.6377146,-16.5303996,-3.2586207,3.1034483
51.4391362,-16.738907,-3.2586207,3.1034483
51.2405578,-16.9474143,-3.2586207,3.1034483
51.0419793,-17.1559217,-3.2586207,3.1034483
50.8434009,-17.364429,-3.2586207,3.1034483
50.6448225,-17.5729364,-3.2586207,3.1034483
50.446244,-17.7814437,-3.2586207,3.1034483
50.2476656,-17.9899511,-3.2586207,3.1034483
50.0490872,-18.1984584,-3.2586207,3.1034483
49.8505088,-18.4069658,-3.2586207,3.1034483
49.6519303,-18.6154731,-3.2586207,3.1034483
49.4533519,-18.8239805,-3.2586207,3.1034483
49.2547735,-19.0324878,-3.2586207,3.1034483
49.056195,-19.2409952,-3.2586207,3.1034483
48.8576166,-19.4495025,-3.2586207,3.1034483
48.6590382,-19.6580099,-3.2586207,3.1034483
48.4604598,-19.8665172,-3.2586207,3.1034483
48.2618813,-20.0750246,-3.2586207,3.1034483
48.0633029,-20.2835319,-3.2586207,3.1034483
47.8647245,-20.4920393,-3.2586207,3.1034483
47.666146,-20.7005467,-3.2586207,3.1034483
47.4675676,-20.909054,-3.2586207,3.1034483
47.2689892,-21.1175614,-3.2586207,3.1034483
47.0704108,-21.3260687,-3.2586207,3.1034483
46.8718323,-21.5345761,-3.2586207,3.1034483
46.6732539,-21.7430834,-3.2586207,3.1034483
46.4746755,-21.9515908,-3.2586207,3.1034483
46.276097,-22.1600981,-3.2586207,3.1034483
46.0775186,-22.3686055,-3.2586207,3.1034483
45.8789402,-22.5771128,-3.2586207,3.1034483
45.6803618,-22.7856202,-3.2586207,3.1034483
45.4817833,-22.9941275,-3.2586207,3.1034483
45.2832049,-23.2026349,-3.2586207,3.1034483
45.0846265,-23.4111422,-3.2586207,3.1034483
44.886048,-23.6196496,-3.2586207,3.1034483
44.6874696,-23.8281569,-3.2586207,3.1034483
44.4888912,-24.0366643,-3.2586207,3.1034483
44.2903128,-24.2451716,-3.2586207,3.1034483
44.0917343,-24.453679,-3.2586207,3.1034483
43.8931559,-24.6621863,-3.2586207,3.1034483
43.6945775,-24.8706937,-3.2586207,3.1034483
43.495999,-25.079201,-3.2586207,3.1034483
43.2974206,-25.2877084,-3.2586207,3.1034483
43.0988422,-25.4962157,-3.2586207,3.1034483
42.9002638,-25.7047231,-3.2586207,3.1034483
42.7016853,-25.9132304,-3.2586207,3.1034483
42.5031069,-26.1217378,-3.2586207,3.1034483
42.3045285,-26.3302451,-3.2586207,3.1034483
42.10595,-26.5387525,-3.2586207,3.1034483
41.9073716,-26.7472598,-3.2586207,3.1034483
41.7087932,-26.9557672,-3.2586207,3.1034483
41.5102148,-27.1642745,-3.2586207,3.1034483
41.3116363,-27.3727819,-3.2586207,3.1034483
41.1130579,-27.5812892,-3.2586207,3.1034483
40.9144795,-27.7897966,-3.2586207,3.1034483
40.715901,-27.9983039,-3.2586207,3.1034483
40.5173226,-28.2068113,-3.2586207,3.1034483
40.3187442,-28.4153186,-3.2586207,3.1034483
40.1201658,-28.623826,-3.2586207,3.1034483
39.9215873,-28.8323333,-3.2586207,3.1034483
39.7230089,-29.0408407,-3.2586207,3.1034483
39.5244305,-29.249348,-3.2586207,3.1034483
39.325852,-29.4578554,-3.2586207,3.1034483
39.1272794,-29.6663682,-3.2618162,3.1000895
38.9309312,-29.876971,-3.3207206,3.0369087
38.7386616,-30.0913039,-3.3784015,2.9726088
38.5505416,-30.3092879,-3.4348375,2.9072136
38.3666403,-30.5308426,-3.4900079,2.8407472
38.1870256,-30.7558864,-3.5438923,2.7732341
38.0117637,-30.9843364,-3.5964709,2.7046991
37.8409191,-31.2161084,-3.6477243,2.6351675
37.6745547,-31.4511171,-3.6976336,2.5646649
37.512732,-31.6892758,-3.7461804,2.4932173
37.3555104,-31.9304967,-3.7933469,2.420851
37.202948,-32.1746911,-3.8391156,2.3475927
37.0551009,-32.4217688,-3.8834697,2.2734694
36.9120237,-32.6716389,-3.9263929,2.1985083
36.773769,-32.9242093,-3.9678693,2.1227372
36.6403878,-33.1793869,-4.0078836,2.0461839
36.5119293,-33.4370777,-4.0464212,1.9688767
36.3884407,-33.6971868,-4.0834678,1.890844
36.2699676,-33.9596183,-4.1190097,1.8121145
36.1565537,-34.2242755,-4.1530339,1.7327173
36.0482406,-34.4910609,-4.1855278,1.6526817
35.9450684,-34.7598762,-4.2164795,1.5720371
35.847075,-35.0306223,-4.2458775,1.4908133
35.7542966,-35.3031995,-4.273711,1.4090401
35.6667673,-35.5775073,-4.2999698,1.3267478
35.5845195,-35.8534447,-4.3246442,1.2439666
35.5075833,-36.13091,-4.347725,1.160727
35.4359871,-36.409801,-4.3692039,1.0770597
35.3697574,-36.6900148,-4.3890728,0.9929956
35.3089185,-36.9714482,-4.4073244,0.9085655
35.2534929,-37.2539976,-4.4239521,0.8238007
35.203501,-37.5375589,-4.4389497,0.7387323
35.1589611,-37.8220274,-4.4523117,0.6533918
35.1198897,-38.1072985,-4.4640331,0.5678104
35.0863013,-38.393267,-4.4741096,0.4820199
35.0582081,-38.6798275,-4.4825376,0.3960517
35.0356206,-38.9668745,-4.4893138,0.3099377
35.018547,-39.2543021,-4.4944359,0.2237094
35.0069936,-39.5420046,-4.4979019,0.1373986
35.0009648,-39.8298757,-4.4997106,0.0510373
35,-40.1178108,-4.5,0
35,-40.4057495,-4.5,0
35,-40.6936883,-4.5,0
35,-40.981627,-4.5,0
35,-41.2695657,-4.5,0
35,-41.5575044,-4.5,0
35,-41.8454431,-4.5,0
35,-42.1333819,-4.5,0
35,-42.4213206,-4.5,0
35,-42.7092593,-4.5,0
35,-42.997198,-4.5,0
35,-43.2851368,-4.5,0
35,-43.5730755,-4.5,0
35,-43.8610142,-4.5,0
35,-44.1489529,-4.5,0
35,-44.4368916,-4.5,0
35,-44.7248304,-4.5,0
35,-45.0127691,-4.5,0
35,-45.3007078,-4.5,0
35,-45.5886465,-4.5,0
35,-45.8765853,-4.5,0
35,-46.164524,-4.5,0
35,-46.4524627,-4.5,0
35,-46.7404014,-4.5,0
35,-47.0283401,-4.5,0
35,-47.3162789,-4.5,0
35,-47.6042176,-4.5,0
35,-47.8921563,-4.5,0
35,-48.180095,-4.5,0
35,-48.4680337,-4.5,0
35,-48.7559725,-4.5,0
35,-49.0439112,-4.5,0
35,-49.3318499,-4.5,0
35,-49.6197886,-4.5,0
35,-49.9077274,-4.5,0
35,-50.1956661,-4.5,0
35,-50.4836048,-4.5,0
35,-50.7715435,-4.5,0
35,-51.0594822,-4.5,0
35,-51.347421,-4.5,0
35,-51.6353597,-4.5,0
35,-51.9232984,-4.5,0
35,-52.2112371,-4.5,0
35,-52.4991758,-4.5,0
35,-52.7871146,-4.5,0
35,-53.0750533,-4.5,0
35,-53.362992,-4.5,0
35,-53.6509307,-4.5,0
35,-53.9388695,-4.5,0
35,-54.2268082,-4.5,0
35,-54.5147469,-4.5,0
35,-54.8026856,-4.5,0
35,-55.0906243,-4.5,0
35,-55.3785631,-4.5,0
35,-55.6665018,-4.5,0
35,-55.9544405,-4.5,0
35,-56.2423792,-4.5,0
35,-56.530318,-4.5,0
35,-56.8182567,-4.5,0
35,-57.1061954,-4.5,0
35,-57.3941341,-4.5,0
35,-57.6820728,-4.5,0
35,-57.9700116,-4.5,0
35,-58.2579503,-4.5,0
35,-58.545889,-4.5,0
35,-58.8338277,-4.5,0
35,-59.1217664,-4.5,0
35,-59.4097052,-4.5,0
35,-59.6976439,-4.5,0
35,-59.9855826,-4.5,0
35,-60.2735213,-4.5,0
35,-60.5614601,-4.5,0
35,-60.8493988,-4.5,0
35,-61.1373375,-4.5,0
35,-61.4252762,-4.5,0
35,-61.7132149,-4.5,0
35,-62.0011537,-4.5,0
35,-62.2890924,-4.5,0
35,-62.5770311,-4.5,0
35,-62.8649698,-4.5,0
35,-63.1529086,-4.5,0
35,-63.4408473,-4.5,0
35,-63.728786,-4.5,0
35,-64.0167247,-4.5,0
35,-64.3046634,-4.5,0
35,-64.5926022,-4.5,0
35,-64.8805409,-4.5,0
35,-65.1684796,-4.5,0
35,-65.4564183,-4.5,0
35,-65.744357,-4.5,0
35,-66.0322958,-4.5,0
35,-66.3202345,-4.5,0
35,-66.6081732,-4.5,0
35,-66.8961119,-4.5,0
35,-67.1840507,-4.5,0
35,-67.4719894,-4.5,0
35,-67.7599281,-4.5,0
35,-68.0478668,-4.5,0
35,-68.3358055,-4.5,0
35,-68.6237443,-4.5,0
35,-68.911683,-4.5,0
35,-69.1996217,-4.5,0
35,-69.4875604,-4.5,0
35,-69.7754992,-4.5,0
35,-70.0634379,-4.5,0
35,-70.3513766,-4.5,0
35,-70.6393153,-4.5,0
35,-70.927254,-4.5,0
35,-71.2151928,-4.5,0
35,-71.5031315,-4.5,0
35,-71.7910702,-4.5,0
35,-72.0790089,-4.5,0
35,-72.3669476,-4.5,0
35,-72.6548864,-4.5,0
35,-72.9428251,-4.5,0
35,-73.2307638,-4.5,0
35,-73.5187025,-4.5,0
35,-73.8066413,-4.5,0
35,-74.09458,-4.5,0
35,-74.3825187,-4.5,0
35,-74.6704574,-4.5,0
35,-74.9583961,-4.5,0
34.998483,-75.2463286,-4.4996587,0.0554239
34.9928642,-75.53421,-4.4983944,0.1201973
34.9831016,-75.8219807,-4.4961978,0.1849457
34.969197,-76.109581,-4.4930693,0.2496557
34.9511535,-76.3969514,-4.4890095,0.3143141
34.9289748,-76.6840322,-4.4840193,0.3789072
34.9026654,-76.9707639,-4.4780997,0.4434219
34.8722308,-77.2570872,-4.4712519,0.5078446
34.8376774,-77.5429426,-4.4634774,0.5721621
34.7990122,-77.828271,-4.4547777,0.636361
34.7562433,-78.1130131,-4.4451547,0.700428
34.7093796,-78.3971101,-4.4346104,0.7643498
34.6584307,-78.6805029,-4.4231469,0.8281131
34.6034073,-78.9631329,-4.4107666,0.8917049
34.5443207,-79.2449414,-4.3974722,0.9551118
34.4811832,-79.5258701,-4.3832662,1.0183208
34.4140079,-79.8058607,-4.3681518,1.0813187
34.3428087,-80.0848552,-4.352132,1.1440924
34.2676003,-80.3627958,-4.3352101,1.2066291
34.1883983,-80.6396249,-4.3173896,1.2689156
34.1052193,-80.915285,-4.2986743,1.3309391
34.0180803,-81.1897191,-4.2790681,1.3926868
33.9269994,-81.4628703,-4.2585749,1.4541458
33.8319956,-81.7346819,-4.237199,1.5153034
33.7330886,-82.0050976,-4.2149449,1.576147
33.6302987,-82.2740614,-4.1918172,1.6366638
33.5236474,-82.5415175,-4.1678207,1.6968414
33.4131567,-82.8074105,-4.1429603,1.7566674
33.2988496,-83.0716853,-4.1172412,1.8161292
33.1807497,-83.3342871,-4.0906687,1.8752146
33.0588815,-83.5951614,-4.0632483,1.9339113
32.9332703,-83.8542542,-4.0349858,1.9922072
32.803942,-84.1115119,-4.005887,2.0500902
32.6709236,-84.366881,-3.9759578,2.1075482
32.5342426,-84.6203086,-3.9452046,2.1645694
32.3939272,-84.8717423,-3.9136336,2.221142
32.2500067,-85.1211298,-3.8812515,2.2772542
32.1025108,-85.3684196,-3.8480649,2.3328944
31.9514701,-85.6135603,-3.8140808,2.3880511
31.7969158,-85.8565012,-3.7793061,2.4427128
31.6388802,-86.0971919,-3.743748,2.4968682
31.4773958,-86.3355824,-3.707414,2.550506
31.3124961,-86.5716235,-3.6703116,2.6036153
31.1442154,-86.8052661,-3.6324485,2.6561849
30.9725885,-87.0364619,-3.5938324,2.7082039
30.7976511,-87.2651629,-3.5544715,2.7596617
30.6194392,-87.4913217,-3.5143738,2.8105474
30.43799,-87.7148915,-3.4735477,2.8608506
30.2533409,-87.9358259,-3.4320017,2.9105608
30.0655303,-88.1540791,-3.3897443,2.9596678
29.8745971,-88.3696059,-3.3467843,3.0081613
29.6805809,-88.5823615,-3.3031307,3.0560313
29.4835218,-88.792302,-3.2587924,3.103268
29.2834608,-88.9993838,-3.2137787,3.1498614
29.0804393,-89.203564,-3.1680988,3.1958019
28.8744993,-89.4048002,-3.1217624,3.24108
28.6656836,-89.6030507,-3.0747788,3.2856864
28.4540355,-89.7982745,-3.027158,3.3296118
28.2395987,-89.9904311,-2.9789097,3.372847
28.0224178,-90.1794807,-2.930044,3.4153832
27.8025378,-90.365384,-2.880571,3.4572114
27.5800042,-90.5481026,-2.830501,3.4983231
27.3548632,-90.7275985,-2.7798442,3.5387097
27.1271614,-90.9038346,-2.7286113,3.5783628
26.896946,-91.0767744,-2.6768129,3.6172742
26.6642648,-91.2463819,-2.6244596,3.6554359
26.429166,-91.4126221,-2.5715623,3.69284
26.1916982,-91.5754605,-2.5181321,3.7294786
25.9519107,-91.7348633,-2.4641799,3.7653443
25.7098533,-91.8907975,-2.409717,3.8004294
25.4655761,-92.0432308,-2.3547546,3.8347269
25.2191297,-92.1921316,-2.2993042,3.8682296
24.9705651,-92.337469,-2.2433772,3.9009305
24.719934,-92.4792129,-2.1869852,3.9328229
24.4672883,-92.6173339,-2.1301399,3.9639001
24.2126803,-92.7518033,-2.0728531,3.9941557
23.9561628,-92.8825934,-2.0151366,4.0235835
23.697789,-93.009677,-1.9570025,4.0521773
23.4376124,-93.1330278,-1.8984628,4.0799313
23.1756869,-93.2526202,-1.8395296,4.1068395
22.9120669,-93.3684294,-1.7802151,4.1328966
22.646807,-93.4804313,-1.7205316,4.1580971
22.3799621,-93.5886029,-1.6604915,4.1824357
22.1115876,-93.6929217,-1.6001072,4.2059074
21.8417391,-93.793366,-1.5393913,4.2285074
21.5704726,-93.889915,-1.4783563,4.2502309
21.2978441,-93.9825488,-1.4170149,4.2710735
21.0239104,-94.0712481,-1.3553798,4.2910308
20.748728,-94.1559945,-1.2934638,4.3100988
20.4723541,-94.2367705,-1.2312797,4.3282734
20.194846,-94.3135593,-1.1688404,4.3455509
19.9162612,-94.3863451,-1.1061588,4.3619276
19.6366574,-94.4551127,-1.0432479,4.3774003
19.3560925,-94.5198478,-0.9801208,4.3919658
19.0746248,-94.5805371,-0.9167906,4.4056208
18.7923125,-94.637168,-0.8532703,4.4183628
18.5092142,-94.6897287,-0.7895732,4.430189
18.2253886,-94.7382083,-0.7257124,4.4410969
17.9408944,-94.7825969,-0.6617012,4.4510843
17.6557907,-94.8228852,-0.5975529,4.4601492
17.3701365,-94.8590648,-0.5332807,4.4682896
17.0839911,-94.8911282,-0.468898,4.4755038
16.7974137,-94.9190689,-0.4044181,4.4817905
16.5104638,-94.9428809,-0.3398543,4.4871482
16.2232008,-94.9625595,-0.2752202,4.4915759
15.9356842,-94.9781004,-0.210529,4.4950726
15.6479738,-94.9895005,-0.1457941,4.4976376
15.360129,-94.9967574,-0.081029,4.4992704
15.0722096,-94.9998696,-0.0162472,4.4999707
14.7842752,-94.9988365,0.0485381,4.4997382
14.4963855,-94.9936583,0.1133133,4.4985731
14.2086002,-94.984336,0.1780649,4.4964756
13.920979,-94.9708716,0.2427797,4.4934461
13.6335814,-94.9532679,0.3074442,4.4894853
13.346467,-94.9315285,0.3720449,4.4845939
13.0596953,-94.9056579,0.4365686,4.478773
12.7733258,-94.8756616,0.5010017,4.4720238
12.4874178,-94.8415456,0.565331,4.4643478
12.2020306,-94.8033171,0.6295431,4.4557463
11.9172234,-94.760984,0.6936247,4.4462214
11.633055,-94.7145551,0.7575626,4.4357749
11.3495846,-94.66404,0.8213435,4.424409
11.0668707,-94.6094491,0.8849541,4.412126
10.7849721,-94.5507938,0.9483813,4.3989286
10.5039471,-94.4880863,1.0116119,4.3848194
10.223854,-94.4213395,1.0746328,4.3698014
9.9447509,-94.3505673,1.1374311,4.3538777
9.6666955,-94.2757844,1.1999935,4.3370515
9.3897456,-94.1970062,1.2623072,4.3193264
9.1139585,-94.114249,1.3243593,4.300706
8.8393914,-94.0275301,1.3861369,4.2811943
8.5661011,-93.9368674,1.4476272,4.2607952
8.2941445,-93.8422796,1.5088175,4.2395129
8.0235777,-93.7437865,1.569695,4.217352
7.7544569,-93.6414083,1.6302472,4.1943169
7.4868379,-93.5351664,1.6904615,4.1704125
7.2207761,-93.4250828,1.7503254,4.1456436
6.9563267,-93.3111802,1.8098265,4.1200155
6.6935446,-93.1934823,1.8689525,4.0935335
6.432484,-93.0720135,1.9276911,4.066203
6.1731993,-92.9467989,1.9860302,4.0380297
5.9157441,-92.8178645,2.0439576,4.0090195
5.6601717,-92.685237,2.1014614,3.9791783
5.4065352,-92.5489439,2.1585296,3.9485124
5.1548871,-92.4090135,2.2151504,3.917028
4.9052796,-92.2654748,2.2713121,3.8847318
4.6577644,-92.1183575,2.327003,3.8516304
4.4123928,-91.9676921,2.3822116,3.8177307
4.1692157,-91.8135098,2.4369265,3.7830397
3.9282835,-91.6558426,2.4911362,3.7475646
3.6896461,-91.4947232,2.5448296,3.7113127
3.453353,-91.330185,2.5979956,3.6742916
3.2194531,-91.162262,2.6506231,3.636509
2.9879949,-90.9909892,2.7027011,3.5979726
2.7590265,-90.8164018,2.754219,3.5586904
2.5325952,-90.6385363,2.8051661,3.5186707
2.308748,-90.4574294,2.8555317,3.4779216
2.0875313,-90.2731186,2.9053054,3.4364517
1.868991,-90.0856423,2.954477,3.3942695
1.6531723,-89.8950391,3.0030362,3.3513838
1.44012,-89.7013487,3.050973,3.3078035
1.2298782,-89.5046111,3.0982774,3.2635375
1.0224905,-89.3048673,3.1449396,3.2185951
0.8179999,-89.1021584,3.19095,3.1729856
0.6164487,-88.8965267,3.236299,3.1267185
0.4178789,-88.6880146,3.2809773,3.0798033
0.2223314,-88.4766654,3.3249754,3.0322497
0.0298469,-88.262523,3.3682844,2.9840677
-0.1595348,-88.0456316,3.4108953,2.9352671
-0.3457744,-87.8260364,3.4527992,2.8858582
-0.5288333,-87.6037826,3.4939875,2.8358511
-0.7086735,-87.3789166,3.5344515,2.7852562
-0.8852579,-87.1514847,3.574183,2.7340841
-1.0585498,-86.9215343,3.6131737,2.6823452
-1.2285132,-86.6891129,3.6514155,2.6300504
-1.395113,-86.4542687,3.6889004,2.5772105
-1.5583145,-86.2170504,3.7256208,2.5238363
-1.7180841,-85.9775072,3.7615689,2.4699391
-1.8743886,-85.7356887,3.7967374,2.4155299
-2.0271955,-85.491645,3.831119,2.3606201
-2.1764732,-85.2454267,3.8647065,2.305221
-2.3221908,-84.9970849,3.8974929,2.2493441
-2.464318,-84.746671,3.9294716,2.193001
-2.6028255,-84.4942369,3.9606357,2.1362033
-2.7376844,-84.239835,3.990979,2.0789629
-2.8688669,-83.9835179,4.0204951,2.0212915
-2.9963458,-83.7253389,4.0491778,1.9632012
-3.1200945,-83.4653514,4.0770213,1.9047041
-3.2400876,-83.2036092,4.1040197,1.8458121
-3.3563001,-82.9401667,4.1301675,1.7865375
-3.4687078,-82.6750785,4.1554593,1.7268927
-3.5772877,-82.4083995,4.1798897,1.6668899
-3.682017,-82.140185,4.2034538,1.6065416
-3.7828741,-81.8704905,4.2261467,1.5458604
-3.8798382,-81.599372,4.2479636,1.4848587
-3.972889,-81.3268856,4.2689,1.4235493
-4.0620074,-81.0530879,4.2889517,1.3619448
-4.1471749,-80.7780356,4.3081143,1.300058
-4.2283737,-80.5017856,4.3263841,1.2379018
-4.3055871,-80.2243954,4.3437571,1.175489
-4.3787991,-79.9459222,4.3602298,1.1128325
-4.4479944,-79.666424,4.3757987,1.0499454
-4.5131588,-79.3859585,4.3904607,0.9868407
-4.5742788,-79.104584,4.4042127,0.9235314
-4.6313416,-78.8223587,4.4170519,0.8600307
-4.6843355,-78.5393412,4.4289755,0.7963518
-4.7332494,-78.25559,4.4399811,0.7325078
-4.7780733,-77.9711641,4.4500665,0.6685119
-4.8187978,-77.6861224,4.4592295,0.6043775
-4.8554145,-77.4005239,4.4674683,0.5401179
-4.8879158,-77.1144279,4.4747811,0.4757463
-4.916295,-76.8278936,4.4811664,0.4112761
-4.9405461,-76.5409804,4.4866229,0.3467206
-4.9606642,-76.2537479,4.4911495,0.2820933
-4.9766451,-75.9662555,4.4947452,0.2174075
-4.9884855,-75.6785628,4.4974092,0.1526766
-4.9961829,-75.3907295,4.4991412,0.0879141
-4.9997357,-75.1028152,4.4999405,0.0231334
-5.0008568,-74.8148795,4.4998072,0.0416521
-5.0055944,-74.5269823,4.4987413,0.106429
-5.0144763,-74.2391831,4.4967428,0.1711838
-5.0275005,-73.9515415,4.4938124,0.2359032
-5.0446644,-73.6641173,4.4899505,0.3005736
-5.0659644,-73.37697,4.485158,0.3651817
-5.0913961,-73.0901591,4.4794359,0.4297142
-5.1209543,-72.803744,4.4727853,0.4941576
-5.1546327,-72.5177842,4.4652076,0.5584986
-5.1924244,-72.2323388,4.4567045,0.6227238
-5.2343216,-71.9474671,4.4472776,0.6868199
-5.2803156,-71.663228,4.436929,0.7507737
-5.3303969,-71.3796806,4.4256607,0.8145719
-5.384555,-71.0968836,4.4134751,0.8782012
-5.4427788,-70.8148955,4.4003748,0.9416485
-5.5050562,-70.5337749,4.3863624,1.0049007
-5.5713743,-70.25358,4.3714408,1.0679445
-5.6417193,-69.9743688,4.3556132,1.130767
-5.7160767,-69.6961994,4.3388827,1.1933551
-5.794431,-69.4191292,4.321253,1.2556959
-5.876766,-69.1432158,4.3027276,1.3177765
-5.9630647,-68.8685163,4.2833105,1.3795838
-6.0533091,-68.5950876,4.2630055,1.4411053
-6.1474805,-68.3229865,4.2418169,1.502328
-6.2455595,-68.0522693,4.2197491,1.5632394
-6.3475257,-67.7829922,4.1968067,1.6238268
-6.4533579,-67.5152109,4.1729945,1.6840775
-6.5630343,-67.248981,4.1483173,1.7439793
-6.6765321,-66.9843576,4.1227803,1.8035195
-6.7938277,-66.7213956,4.0963888,1.862686
-6.9148969,-66.4601495,4.0691482,1.9214664
-7.0397146,-66.2006735,4.0410642,1.9798485
-7.1682548,-65.9430212,4.0121427,2.0378202
-7.300491,-65.6872462,3.9823895,2.0953696
-7.4363958,-65.4334015,3.9518109,2.1524847
-7.5759409,-65.1815395,3.9204133,2.2091536
-7.7190975,-64.9317127,3.8882031,2.2653647
-7.8658359,-64.6839726,3.8551869,2.3211062
-8.0161256,-64.4383708,3.8213717,2.3763666
-8.1699356,-64.194958,3.7867645,2.4311344
-8.3272339,-63.9537848,3.7513724,2.4853984
-8.4879879,-63.7149011,3.7152027,2.5391473
-8.6521644,-63.4783564,3.678263,2.5923698
-8.8197292,-63.2441999,3.6405609,2.645055
-8.9906477,-63.0124799,3.6021043,2.697192
-9.1648844,-62.7832445,3.562901,2.74877
-9.3424032,-62.5565413,3.5229593,2.7997782
-9.5231674,-62.3324173,3.4822873,2.8502061
-9.7071394,-62.1109188,3.4408936,2.9000433
-9.8942811,-61.8920918,3.3987867,2.9492793
-10.0845538,-61.6759817,3.3559754,2.9979041
-10.2779179,-61.4626332,3.3124685,3.0459075
-10.4743335,-61.2520906,3.268275,3.0932796
-10.6737598,-61.0443975,3.223404,3.1400106
-10.8761555,-60.8395969,3.177865,3.1860907
-11.0814786,-60.6377313,3.1316673,3.2315104
-11.2896865,-60.4388426,3.0848205,3.2762604
-11.5007362,-60.242972,3.0373344,3.3203313
-11.7145838,-60.05016,2.9892186,3.363714
-11.9311851,-59.8604466,2.9404834,3.4063995
-12.1504951,-59.6738712,2.8911386,3.448379
-12.3724684,-59.4904724,2.8411946,3.4896437
-12.5970591,-59.3102882,2.7906617,3.5301852
-12.8242204,-59.133356,2.7395504,3.5699949
-13.0539054,-58.9597125,2.6878713,3.6090647
-13.2860664,-58.7893936,2.6356351,3.6473864
-13.5206554,-58.6224346,2.5828525,3.6849522
-13.7576237,-58.4588702,2.5295347,3.7217542
-13.9969221,-58.2987343,2.4756925,3.7577848
-14.2385012,-58.14206,2.4213372,3.7930365
-14.4823107,-57.9888798,2.3664801,3.8275021
-14.7283003,-57.8392254,2.3111324,3.8611743
-14.9764188,-57.693128,2.2553058,3.8940462
-15.2242516,-57.5480699,2.3004566,3.8675444
-15.4706536,-57.3990957,2.3558971,3.8340252
-15.7148854,-57.2465897,2.4108492,3.7997113
-15.9568964,-57.0905833,2.4653017,3.7646099
-16.1966363,-56.9311091,2.5192432,3.7287282
-16.4340555,-56.7682,2.5726625,3.6920736
-16.6691049,-56.6018897,2.6255486,3.6546538
-16.9017355,-56.4322129,2.6778905,3.6164765
-17.1318994,-56.2592045,2.7296774,3.5775497
-17.3595486,-56.0829006,2.7808984,3.5378813
-17.5846362,-55.9033375,2.8315431,3.4974796
-17.8071153,-55.7205527,2.8816009,3.456353
-18.02694,-55.5345838,2.9310615,3.41451
-18.2440645,-55.3454696,2.9799145,3.3719593
-18.458444,-55.1532491,3.0281499,3.3287097
-18.670034,-54.9579623,3.0757576,3.2847701
-18.8787906,-54.7596495,3.1227279,3.2401498
-19.0846706,-54.5583519,3.1690509,3.1948578
-19.2876313,-54.3541113,3.214717,3.1489037
-19.4876306,-54.1469699,3.2597169,3.1022969
-19.6846271,-53.9369707,3.3040411,3.0550471
-19.8785799,-53.7241573,3.3476805,3.007164
-20.0694489,-53.5085736,3.390626,2.9586577
-20.2571944,-53.2902645,3.4328687,2.9095381
-20.4417776,-53.0692751,3.4744,2.8598155
-20.6231603,-52.8456513,3.5152111,2.8095002
-20.8013047,-52.6194393,3.5552936,2.7586025
-20.9761741,-52.3906862,3.5946392,2.707133
-21.1477321,-52.1594393,3.6332397,2.6551025
-21.3159431,-51.9257466,3.6710872,2.6025216
-21.4807724,-51.6896564,3.7081738,2.5494013
-21.6421858,-51.4512177,3.7444918,2.4957526
-21.8001498,-51.21048,3.7800337,2.4415866
-21.9546316,-50.967493,3.8147921,2.3869146
-22.1055993,-50.7223073,3.8487598,2.3317478
-22.2530215,-50.4749736,3.8819298,2.2760977
-22.3968677,-50.2255432,3.9142952,2.2199759
-22.5371081,-49.9740677,3.9458493,2.1633939
-22.6737137,-49.7205994,3.9765856,2.1063635
-22.806656,-49.4651907,4.0064976,2.0488965
-22.9359076,-49.2078945,4.0355792,1.9910049
-23.0614416,-48.9487643,4.0638244,1.9327006
-23.1832321,-48.6878536,4.0912272,1.8739957
-23.3012537,-48.4252167,4.1177821,1.8149024
-23.4154821,-48.1609079,4.1434835,1.7554329
-23.5258936,-47.894982,4.1683261,1.6955996
-23.6324652,-47.6274941,4.1923047,1.6354148
-23.7351749,-47.3584997,4.2154143,1.5748911
-23.8340014,-47.0880545,4.2376503,1.5140409
-23.9289242,-46.8162146,4.2590079,1.4528769
-24.0199236,-46.5430363,4.2794828,1.3914118
-24.1069809,-46.2685763,4.2990707,1.3296583
-24.1900778,-45.9928914,4.3177675,1.2676292
-24.2691973,-45.7160387,4.3355694,1.2053373
-24.3443228,-45.4380757,4.3524726,1.1427957
-24.4154389,-45.15906,4.3684738,1.0800171
-24.4825308,-44.8790494,4.3835694,1.0170147
-24.5455846,-44.5981019,4.3977565,0.9538016
-24.6045872,-44.3162757,4.4110321,0.8903907
-24.6595264,-44.0336294,4.4233935,0.8267952
-24.7103909,-43.7502214,4.4348379,0.7630285
-24.7571699,-43.4661105,4.4453632,0.6991035
-24.799854,-43.1813556,4.4549671,0.6350337
-24.8384341,-42.8960157,4.4636477,0.5708322
-24.8729024,-42.61015,4.471403,0.5065124
-24.9032517,-42.3238177,4.4782316,0.4420876
-24.9294756,-42.0370781,4.484132,0.3775712
-24.9515689,-41.7499908,4.489103,0.3129766
-24.9695267,-41.4626151,4.4931435,0.248317
-24.9833456,-41.1750106,4.4962528,0.183606
-24.9930225,-40.887237,4.4984301,0.118857
-24.9985555,-40.599354,4.499675,0.0540833
-25,-40.311421,4.5,0
-25,-40.0234823,4.5,0
-25,-39.7355436,4.5,0
-25,-39.4476049,4.5,0
-25,-39.1596661,4.5,0
-25,-38.8717274,4.5,0
-25,-38.5837887,4.5,0
-25,-38.29585,4.5,0
-25,-38.0079113,4.5,0
-25,-37.7199725,4.5,0
-25,-37.4320338,4.5,0
-25,-37.1440951,4.5,0
-25,-36.8561564,4.5,0
-25,-36.5682177,4.5,0
-25,-36.2802789,4.5,0
-25,-35.9923402,4.5,0
-25,-35.7044015,4.5,0
-25,-35.4164628,4.5,0
-25,-35.128524,4.5,0
-25,-34.8405853,4.5,0
-25,-34.5526466,4.5,0
-25,-34.2647079,4.5,0
-25,-33.9767692,4.5,0
-25,-33.6888304,4.5,0
-25,-33.4008917,4.5,0
-25,-33.112953,4.5,0
-25,-32.8250143,4.5,0
-25,-32.5370755,4.5,0
-25,-32.2491368,4.5,0
-25,-31.9611981,4.5,0
-25,-31.6732594,4.5,0
-25,-31.3853207,4.5,0
-25,-31.0973819,4.5,0
-25,-30.8094432,4.5,0
-25,-30.5215045,4.5,0
-25,-30.2335658,4.5,0
-25,-29.9456271,4.5,0
-25,-29.6576883,4.5,0
-25,-29.3697496,4.5,0
-25,-29.0818109,4.5,0
-25,-28.7938722,4.5,0
-25,-28.5059334,4.5,0
-25,-28.2179947,4.5,0
-25,-27.930056,4.5,0
-25,-27.6421173,4.5,0
-25,-27.3541786,4.5,0
-25,-27.0662398,4.5,0
-25,-26.7783011,4.5,0
-25,-26.4903624,4.5,0
-25,-26.2024237,4.5,0
-25,-25.914485,4.5,0
-25,-25.6265462,4.5,0
-25,-25.3386075,4.5,0
-25,-25.0506688,4.5,0
-25,-24.7627301,4.5,0
-25,-24.4747913,4.5,0
-25,-24.1868526,4.5,0
-25,-23.8989139,4.5,0
-25,-23.6109752,4.5,0
-25,-23.3230365,4.5,0
-25,-23.0350977,4.5,0
-25,-22.747159,4.5,0
-25,-22.4592203,4.5,0
-25,-22.1712816,4.5,0
-25,-21.8833428,4.5,0
-25,-21.5954041,4.5,0
-25,-21.3074654,4.5,0
-25,-21.0195267,4.5,0
-25,-20.731588,4.5,0
-25,-20.4436492,4.5,0
-25,-20.1557105,4.5,0
-25,-19.8677718,4.5,0
-25,-19.5798331,4.5,0
-25,-19.2918944,4.5,0
-25,-19.0039556,4.5,0
-25,-18.7160169,4.5,0
-25,-18.4280782,4.5,0
-25,-18.1401395,4.5,0
-25,-17.8522007,4.5,0
-25,-17.564262,4.5,0
-25,-17.2763233,4.5,0
-25,-16.9883846,4.5,0
-25,-16.7004459,4.5,0
-25,-16.4125071,4.5,0
-25,-16.1245684,4.5,0
-25,-15.8366297,4.5,0
-25,-15.548691,4.5,0
-25,-15.2607522,4.5,0
-25,-14.9728135,4.5,0
-25,-14.6848748,4.5,0
-25,-14.3969361,4.5,0
-25,-14.1089974,4.5,0
-25,-13.8210586,4.5,0
-25,-13.5331199,4.5,0
-25,-13.2451812,4.5,0
-25,-12.9572425,4.5,0
-25,-12.6693038,4.5,0
-25,-12.381365,4.5,0
-25,-12.0934263,4.5,0
-25,-11.8054876,4.5,0
-25,-11.5175489,4.5,0
-25,-11.2296101,4.5,0
-25,-10.9416714,4.5,0
-25,-10.6537327,4.5,0
-25,-10.365794,4.5,0
-25,-10.0778553,4.5,0
-25,-9.7899165,4.5,0
-25,-9.5019778,4.5,0
-25,-9.2140391,4.5,0
-25,-8.9261004,4.5,0
-25,-8.6381617,4.5,0
-25,-8.3502229,4.5,0
-25,-8.0622842,4.5,0
-25,-7.7743455,4.5,0
-25,-7.4864068,4.5,0
-25,-7.198468,4.5,0
-25,-6.9105293,4.5,0
-25,-6.6225906,4.5,0
-25,-6.3346519,4.5,0
-25,-6.0467132,4.5,0
-25,-5.7587744,4.5,0
-25,-5.4708357,4.5,0
-25,-5.182897,4.5,0
-25,-4.8949583,4.5,0
-25,-4.6070195,4.5,0
-25,-4.3190808,4.5,0
-25,-4.0311421,4.5,0
-25,-3.7432034,4.5,0
-25,-3.4552647,4.5,0
-25,-3.1673259,4.5,0
-25,-2.8793872,4.5,0
-25,-2.5914485,4.5,0
-25,-2.3035098,4.5,0
-25,-2.0155711,4.5,0
-25,-1.7276323,4.5,0
-25,-1.4396936,4.5,0
-25,-1.1517549,4.5,0
-25,-0.8638162,4.5,0
-25,-0.5758774,4.5,0
-25,-0.2879387,4.5,0
-25,0,4.5,0
-24.9983418,0.2879324,4.4997015,-0.0518278
-24.9933676,0.5758265,4.4988062,-0.1036488
-24.9850779,0.8636443,4.497314,-0.155456
-24.9734739,1.1513475,4.4952253,-0.2072426
-24.9585571,1.438898,4.4925403,-0.2590016
-24.9403295,1.7262576,4.4892593,-0.3107264
-24.9187935,2.0133882,4.4853828,-0.3624099
-24.8939519,2.3002517,4.4809113,-0.4140453
-24.8658081,2.5868101,4.4758455,-0.4656258
-24.8343658,2.8730254,4.4701858,-0.5171446
-24.7996292,3.1588595,4.4639332,-0.5685947
-24.7616028,3.4442747,4.4570885,-0.6199694
-24.7202917,3.7292329,4.4496525,-0.6712619
-24.6757014,4.0136964,4.4416263,-0.7224654
-24.6278379,4.2976275,4.4330108,-0.773573
-24.5767074,4.5809885,4.4238073,-0.8245779
-24.5223167,4.8637418,4.414017,-0.8754735
-24.4646731,5.14585,4.4036412,-0.926253
-24.4037841,5.4272755,4.3926811,-0.9769096
-24.339658,5.7079811,4.3811384,-1.0274366
-24.2723031,5.9879295,4.3690146,-1.0778273
-24.2017285,6.2670836,4.3563111,-1.1280751
-24.1279435,6.5454064,4.3430298,-1.1781731
-24.0509578,6.8228609,4.3291724,-1.228115
-23.9707817,7.0994103,4.3147407,-1.2778939
-23.8874258,7.375018,4.2997366,-1.3275032
-23.8009012,7.6496473,4.2841622,-1.3769365
-23.7112193,7.9232619,4.2680195,-1.4261871
-23.6183921,8.1958255,4.2513106,-1.4752486
-23.5224318,8.4673019,4.2340377,-1.5241143
-23.4233513,8.737655,4.2162032,-1.5727779
-23.3211635,9.0068491,4.1978094,-1.6212328
-23.2158822,9.2748484,4.1788588,-1.6694727
-23.1075212,9.5416174,4.1593538,-1.7174911
-22.996095,9.8071207,4.1392971,-1.7652817
-22.8816182,10.071323,4.1186913,-1.8128381
-22.7641062,10.3341893,4.0975391,-1.8601541
-22.6435744,10.5956848,4.0758434,-1.9072233
-22.520039,10.8557748,4.053607,-1.9540395
-22.3935161,11.1144246,4.0308329,-2.0005964
-22.2640228,11.3716002,4.0075241,-2.046888
-22.131576,11.6272672,3.9836837,-2.0929081
-21.9961934,11.8813919,3.9593148,-2.1386505
-21.857893,12.1339405,3.9344207,-2.1841093
-21.7166931,12.3848795,3.9090048,-2.2292783
-21.5726124,12.6341756,3.8830702,-2.2741516
-21.4256701,12.8817957,3.8566206,-2.3187232
-21.2758856,13.1277071,3.8296594,-2.3629873
-21.1232787,13.371877,3.8021902,-2.4069379
-20.9678699,13.6142731,3.7742166,-2.4505692
-20.8096796,13.8548633,3.7457423,-2.4938754
-20.6487288,14.0936155,3.7167712,-2.5368508
-20.4850389,14.3304982,3.687307,-2.5794897
-20.3186317,14.56548,3.6573537,-2.6217864
-20.1495291,14.7985296,3.6269152,-2.6637353
-19.9777536,15.0296161,3.5959957,-2.7053309
-19.8033281,15.2587089,3.5645991,-2.7465676
-19.6262756,15.4857776,3.5327296,-2.78744
-19.4466196,15.7107921,3.5003915,-2.8279426
-19.2643839,15.9337225,3.4675891,-2.86807
-19.0795928,16.1545392,3.4343267,-2.9078171
-18.8922708,16.373213,3.4006087,-2.9471783
-18.7024426,16.5897149,3.3664397,-2.9861487
-18.5101335,16.8040161,3.331824,-3.0247229
-18.315369,17.0160882,3.2967664,-3.0628959
-18.1181749,17.2259031,3.2612715,-3.1006626
-17.9185774,17.4334329,3.2253439,-3.1380179
-17.716603,17.6386502,3.1889885,-3.174957
-17.5122784,17.8415276,3.1522101,-3.211475
-17.3056307,18.0420383,3.1150135,-3.2475669
-17.0966874,18.2401557,3.0774037,-3.283228
-16.8854762,18.4358534,3.0393857,-3.3184536
-16.6720251,18.6291057,3.0009645,-3.353239
-16.4563625,18.8198867,2.9621452,-3.3875796
-16.2385168,19.0081712,2.922933,-3.4214708
-16.0185171,19.1939342,2.8833331,-3.4549082
-15.7963924,19.3771511,2.8433506,-3.4878872
-15.5721724,19.5577976,2.802991,-3.5204036
-15.3458866,19.7358497,2.7622596,-3.5524529
-15.1175652,19.9112838,2.7211617,-3.5840311
-14.8872384,20.0840766,2.6797029,-3.6151338
-14.6549367,20.2542052,2.6378886,-3.6457569
-14.4206911,20.4216471,2.5957244,-3.6758965
-14.1845325,20.5863799,2.5532159,-3.7055484
-13.9464923,20.7483819,2.5103686,-3.7347087
-13.7066021,20.9076316,2.4671884,-3.7633737
-13.4648936,21.0641079,2.4236809,-3.7915394
-13.221399,21.2177899,2.3798518,-3.8192022
-12.9761506,21.3686573,2.3357071,-3.8463583
-12.7291808,21.5166902,2.2912525,-3.8730042
-12.4805225,21.6618688,2.246494,-3.8991364
-12.2302086,21.8041739,2.2014375,-3.9247513
-11.9782723,21.9435866,2.156089,-3.9498456
-11.7247471,22.0800885,2.1104545,-3.9744159
-11.4696665,22.2136613,2.06454,-3.998459
-11.2130645,22.3442875,2.0183516,-4.0219718
-10.9549751,22.4719497,1.9718955,-4.0449509
-10.6954324,22.5966308,1.9251778,-4.0673936
-10.434471,22.7183145,1.8782048,-4.0892966
-10.1721254,22.8369846,1.8309826,-4.1106572
-9.9084304,22.9526253,1.7835175,-4.1314725
-9.6434211,23.0652212,1.7358158,-4.1517398
-9.3771326,23.1747575,1.6878839,-4.1714563
-9.1096001,23.2812196,1.639728,-4.1906195
-8.8408592,23.3845934,1.5913547,-4.2092268
-8.5709456,23.4848652,1.5427702,-4.2272757
-8.299895,23.5820216,1.4939811,-4.2447639
-8.0277435,23.6760498,1.4449938,-4.261689
-7.754527,23.7669374,1.3958149,-4.2780487
-7.4802818,23.8546722,1.3464507,-4.293841
-7.2050444,23.9392426,1.296908,-4.3090637
-6.9288512,24.0206374,1.2471932,-4.3237147
-6.6517389,24.0988458,1.197313,-4.3377922
-6.3737442,24.1738575,1.147274,-4.3512943
-6.0949041,24.2456624,1.0970827,-4.3642192
-5.8152554,24.3142511,1.046746,-4.3765652
-5.5348353,24.3796144,0.9962704,-4.3883306
-5.253681,24.4417437,0.9456626,-4.3995139
-4.9718298,24.5006308,0.8949294,-4.4101135
-4.6893191,24.5562678,0.8440774,-4.4201282
-4.4061863,24.6086473,0.7931135,-4.4295565
-4.122469,24.6577625,0.7420444,-4.4383972
-3.8382049,24.7036067,0.6908769,-4.4466492
-3.5534316,24.7461739,0.6396177,-4.4543113
-3.2681869,24.7854585,0.5882736,-4.4613825
-2.9825087,24.8214553,0.5368516,-4.4678619
-2.6964349,24.8541594,0.4853583,-4.4737487
-2.4100034,24.8835665,0.4338006,-4.479042
-2.1232522,24.9096728,0.3821854,-4.4837411
-1.8362193,24.9324748,0.3305195,-4.4878455
-1.5489429,24.9519694,0.2788097,-4.4913545
-1.261461,24.968154,0.227063,-4.4942677
-0.9738118,24.9810266,0.1752861,-4.4965848
-0.6860333,24.9905854,0.123486,-4.4983054
-0.3981639,24.9968291,0.0716695,-4.4994292
-0.1102417,24.9997569,0.0198435,-4.4999562