x,y,width
2.39735784,2.1,0.465
2.3931759,2.1,0.465
2.38899396,2.1,0.465
2.38481199,2.1,0.465
2.38063005,2.1,0.465
2.37644811,2.1,0.465
2.37226617,2.1,0.465
2.3680842,2.1,0.465
2.36390226,2.1,0.465
2.35972032,2.1,0.465
2.35553838,2.1,0.465
2.35135644,2.1,0.465
2.34717447,2.1,0.465
2.34299253,2.1,0.465
2.33881059,2.1,0.465
2.33462865,2.1,0.465
2.33044668,2.1,0.465
2.32626474,2.1,0.465
2.3220828,2.1,0.465
2.31790086,2.1,0.465
2.31371892,2.1,0.465
2.30953695,2.1,0.465
2.30535501,2.1,0.465
2.30117307,2.1,0.465
2.29699113,2.1,0.465
2.29280916,2.1,0.465
2.28862722,2.1,0.465
2.28444528,2.1,0.465
2.28026334,2.1,0.465
2.27608137,2.1,0.465
2.27189943,2.1,0.465
2.26771749,2.1,0.465
2.26353555,2.1,0.465
2.25935361,2.1,0.465
2.25517164,2.1,0.465
2.2509897,2.1,0.465
2.24680776,2.1,0.465
2.24262582,2.1,0.465
2.23844385,2.1,0.465
2.23426191,2.1,0.465
2.23007997,2.1,0.465
2.22589803,2.1,0.465
2.22171609,2.1,0.465
2.21753412,2.1,0.465
2.21335218,2.1,0.465
2.20917024,2.1,0.465
2.2049883,2.1,0.465
2.20080633,2.1,0.465
2.19662439,2.1,0.465
2.19244245,2.1,0.465
2.18826051,2.1,0.465
2.18407857,2.1,0.465
2.1798966,2.1,0.465
2.17571466,2.1,0.465
2.17153272,2.1,0.465
2.16735078,2.1,0.465
2.16316881,2.1,0.465
2.15898687,2.1,0.465
2.15480493,2.1,0.465
2.15062299,2.1,0.465
2.14644105,2.1,0.465
2.14225908,2.1,0.465
2.13807714,2.1,0.465
2.1338952,2.1,0.465
2.12971326,2.1,0.465
2.12553129,2.1,0.465
2.12134935,2.1,0.465
2.11716741,2.1,0.465
2.11298547,2.1,0.465
2.10880353,2.1,0.465
2.10462156,2.1,0.465
2.10043962,2.1,0.465
2.09625768,2.1,0.465
2.09207574,2.1,0.465
2.08789377,2.1,0.465
2.08371183,2.1,0.465
2.07952989,2.1,0.465
2.07534795,2.1,0.465
2.07116601,2.1,0.465
2.06698404,2.1,0.465
2.0628021,2.1,0.465
2.05862016,2.1,0.465
2.05443822,2.1,0.465
2.05025625,2.1,0.465
2.04607431,2.1,0.465
2.04189237,2.1,0.465
2.03771043,2.1,0.465
2.03352849,2.1,0.465
2.02934652,2.1,0.465
2.02516458,2.1,0.465
2.02098264,2.1,0.465
2.0168007,2.1,0.465
2.01261873,2.1,0.465
2.00843679,2.1,0.465
2.00425485,2.1,0.465
2.00007291,2.1,0.465
1.99589097,2.1,0.465
1.991709,2.1,0.465
1.98752706,2.1,0.465
1.98334512,2.1,0.465
1.97916318,2.1,0.465
1.97498121,2.1,0.465
1.97079927,2.1,0.465
1.96661733,2.1,0.465
1.96243539,2.1,0.465
1.95825342,2.1,0.465
1.95407148,2.1,0.465
1.94988954,2.1,0.465
1.9457076,2.1,0.465
1.94152566,2.1,0.465
1.93734369,2.1,0.465
1.93316175,2.1,0.465
1.92897981,2.1,0.465
1.92479787,2.1,0.465
1.9206159,2.1,0.465
1.91643396,2.1,0.465
1.91225202,2.1,0.465
1.90807008,2.1,0.465
1.90388814,2.1,0.465
1.89970617,2.1,0.465
1.89552423,2.1,0.465
1.89134229,2.1,0.465
1.88716035,2.1,0.465
1.88297838,2.1,0.465
1.87879644,2.1,0.465
1.8746145,2.1,0.465
1.87043256,2.1,0.465
1.86625062,2.1,0.465
1.86206865,2.1,0.465
1.85788671,2.1,0.465
1.85370477,2.1,0.465
1.84952283,2.1,0.465
1.84534086,2.1,0.465
1.84115892,2.1,0.465
1.83697698,2.1,0.465
1.83279504,2.1,0.465
1.8286131,2.1,0.465
1.82443113,2.1,0.465
1.82024919,2.1,0.465
1.81606725,2.1,0.465
1.81188531,2.1,0.465
1.80770334,2.1,0.465
1.8035214,2.1,0.465
1.79933946,2.1,0.465
1.79515752,2.1,0.465
1.79097558,2.1,0.465
1.78679361,2.1,0.465
1.78261167,2.1,0.465
1.77842973,2.1,0.465
1.77424779,2.1,0.465
1.77006582,2.1,0.465
1.76588388,2.1,0.465
1.76170194,2.1,0.465
1.75752,2.1,0.465
1.75333806,2.1,0.465
1.74915609,2.1,0.465
1.74497415,2.1,0.465
1.74079221,2.1,0.465
1.73661027,2.1,0.465
1.7324283,2.1,0.465
1.72824636,2.1,0.465
1.72406442,2.1,0.465
1.71988248,2.1,0.465
1.71570054,2.1,0.465
1.71151857,2.1,0.465
1.70733663,2.1,0.465
1.70315469,2.1,0.465
1.69897275,2.1,0.465
1.69479078,2.1,0.465
1.69060884,2.1,0.465
1.6864269,2.1,0.465
1.68224496,2.1,0.465
1.67806302,2.1,0.465
1.67388105,2.1,0.465
1.66969911,2.1,0.465
1.66551717,2.1,0.465
1.66133523,2.1,0.465
1.65715326,2.1,0.465
1.65297132,2.1,0.465
1.64878938,2.1,0.465
1.64460744,2.1,0.465
1.64042547,2.1,0.465
1.63624353,2.1,0.465
1.63206159,2.1,0.465
1.62787965,2.1,0.465
1.62369771,2.1,0.465
1.61951574,2.1,0.465
1.6153338,2.1,0.465
1.61115186,2.1,0.465
1.60696992,2.1,0.465
1.60278795,2.1,0.465
1.59860601,2.1,0.465
1.59442407,2.1,0.465
1.59024213,2.1,0.465
1.58606019,2.1,0.465
1.58187822,2.1,0.465
1.57769628,2.1,0.465
1.57351434,2.1,0.465
1.5693324,2.1,0.465
1.56515043,2.1,0.465
1.56096849,2.1,0.465
1.55678655,2.1,0.465
1.55260461,2.1,0.465
1.54842267,2.1,0.465
1.5442407,2.1,0.465
1.54005876,2.1,0.465
1.53587682,2.1,0.465
1.53169488,2.1,0.465
1.52751291,2.1,0.465
1.52333097,2.1,0.465
1.51914903,2.1,0.465
1.51496709,2.1,0.465
1.51078515,2.1,0.465
1.50660318,2.1,0.465
1.50242124,2.1,0.465
1.4982393,2.1,0.465
1.49405736,2.1,0.465
1.48987539,2.1,0.465
1.48569345,2.1,0.465
1.48151151,2.1,0.465
1.47732957,2.1,0.465
1.47314763,2.1,0.465
1.46896566,2.1,0.465
1.46478372,2.1,0.465
1.46060178,2.1,0.465
1.45641984,2.1,0.465
1.45223787,2.1,0.465
1.44805593,2.1,0.465
1.44387399,2.1,0.465
1.43969205,2.1,0.465
1.43551011,2.1,0.465
1.43132814,2.1,0.465
1.4271462,2.1,0.465
1.42296426,2.1,0.465
1.41878232,2.1,0.465
1.41460035,2.1,0.465
1.41041841,2.1,0.465
1.40623647,2.1,0.465
1.40205453,2.1,0.465
1.39787259,2.1,0.465
1.39369062,2.1,0.465
1.38950868,2.1,0.465
1.38532674,2.1,0.465
1.3811448,2.1,0.465
1.37696283,2.1,0.465
1.37278089,2.1,0.465
1.36859895,2.1,0.465
1.36441701,2.1,0.465
1.36023507,2.1,0.465
1.3560531,2.1,0.465
1.35187116,2.1,0.465
1.34768922,2.1,0.465
1.34350728,2.1,0.465
1.33932531,2.1,0.465
1.33514337,2.1,0.465
1.33096143,2.1,0.465
1.32677949,2.1,0.465
1.32259752,2.1,0.465
1.31841558,2.1,0.465
1.31423364,2.1,0.465
1.3100517,2.1,0.465
1.30586976,2.1,0.465
1.30168779,2.1,0.465
1.29750585,2.1,0.465
1.29332391,2.1,0.465
1.28914197,2.1,0.465
1.28496,2.1,0.465
1.28077806,2.1,0.465
1.27659612,2.1,0.465
1.27241418,2.1,0.465
1.26823224,2.1,0.465
1.26405027,2.1,0.465
1.25986833,2.1,0.465
1.25568639,2.1,0.465
1.25150445,2.1,0.465
1.24732248,2.1,0.465
1.24314054,2.1,0.465
1.2389586,2.1,0.465
1.23477666,2.1,0.465
1.23059472,2.1,0.465
1.22641275,2.1,0.465
1.22223081,2.1,0.465
1.21804887,2.1,0.465
1.21386693,2.1,0.465
1.20968496,2.1,0.465
1.20550302,2.1,0.465
1.20132108,2.1,0.465
1.19713914,2.1,0.465
1.1929572,2.1,0.465
1.18877523,2.1,0.465
1.18459329,2.1,0.465
1.18041135,2.1,0.465
1.17622941,2.1,0.465
1.17204744,2.1,0.465
1.1678655,2.1,0.465
1.16368356,2.1,0.465
1.15950162,2.1,0.465
1.15531968,2.1,0.465
1.15113771,2.1,0.465
1.14695577,2.1,0.465
1.14277383,2.1,0.465
1.13859189,2.1,0.465
1.13440992,2.1,0.465
1.13022798,2.1,0.465
1.12604604,2.1,0.465
1.1218641,2.1,0.465
1.11768216,2.1,0.465
1.11350019,2.1,0.465
1.10931825,2.1,0.465
1.10513631,2.1,0.465
1.10095437,2.1,0.465
1.0967724,2.1,0.465
1.09259046,2.1,0.465
1.08840852,2.1,0.465
1.08422658,2.1,0.465
1.08004464,2.1,0.465
1.07586267,2.1,0.465
1.07168073,2.1,0.465
1.06749879,2.1,0.465
1.06331685,2.1,0.465
1.05913488,2.1,0.465
1.05495294,2.1,0.465
1.050771,2.1,0.465
1.04658906,2.1,0.465
1.04240712,2.1,0.465
1.03822515,2.1,0.465
1.03404321,2.1,0.465
1.02986127,2.1,0.465
1.02567933,2.1,0.465
1.02149736,2.1,0.465
1.01731542,2.1,0.465
1.01313348,2.1,0.465
1.00895154,2.1,0.465
1.00476957,2.1,0.465
1.00058763,2.1,0.465
0.99640569,2.1,0.465
0.99222375,2.1,0.465
0.98804181,2.1,0.465
0.98385984,2.1,0.465
0.9796779,2.1,0.465
0.97549596,2.1,0.465
0.97131402,2.1,0.465
0.96713205,2.1,0.465
0.96295011,2.1,0.465
0.95876817,2.1,0.465
0.95458623,2.1,0.465
0.95040429,2.1,0.465
0.94622232,2.1,0.465
0.94204038,2.1,0.465
0.93785844,2.1,0.465
0.9336765,2.1,0.465
0.92949453,2.1,0.465
0.92531259,2.1,0.465
0.92113065,2.1,0.465
0.91694871,2.1,0.465
0.91276677,2.1,0.465
0.9085848,2.1,0.465
0.90440286,2.1,0.465
0.90022092,2.1,0.465
0.89603898,2.1,0.465
0.89185701,2.1,0.465
0.88767507,2.1,0.465
0.88349313,2.1,0.465
0.87931119,2.1,0.465
0.87512925,2.1,0.465
0.87094728,2.1,0.465
0.86676534,2.1,0.465
0.8625834,2.1,0.465
0.85840146,2.1,0.465
0.85421949,2.1,0.465
0.85003755,2.1,0.465
0.84585561,2.1,0.465
0.84167367,2.1,0.465
0.83749173,2.1,0.465
0.83330976,2.1,0.465
0.82912782,2.1,0.465
0.82494588,2.1,0.465
0.82076394,2.1,0.465
0.81658197,2.1,0.465
0.81240003,2.1,0.465
0.80821809,2.1,0.465
0.80403615,2.1,0.465
0.79985421,2.1,0.465
0.79567224,2.1,0.465
0.7914903,2.1,0.465
0.78730836,2.1,0.465
0.78312642,2.1,0.465
0.77894445,2.1,0.465
0.77476251,2.1,0.465
0.77058057,2.1,0.465
0.76639863,2.1,0.465
0.76221669,2.1,0.465
0.75803472,2.1,0.465
0.75385278,2.1,0.465
0.74967084,2.1,0.465
0.7454889,2.1,0.465
0.74130693,2.1,0.465
0.73712499,2.1,0.465
0.73294305,2.1,0.465
0.72876111,2.1,0.465
0.72457917,2.1,0.465
0.7203972,2.1,0.465
0.71621526,2.1,0.465
0.71203332,2.1,0.465
0.70785138,2.1,0.465
0.70366941,2.1,0.465
0.69948747,2.1,0.465
0.69530553,2.1,0.465
0.69112359,2.1,0.465
0.68694162,2.1,0.465
0.68275968,2.1,0.465
0.67857774,2.1,0.465
0.6743958,2.1,0.465
0.67021386,2.1,0.465
0.66603189,2.1,0.465
0.66184995,2.1,0.465
0.65766801,2.1,0.465
0.65348607,2.1,0.465
0.6493041,2.1,0.465
0.64512216,2.1,0.465
0.64094022,2.1,0.465
0.63675828,2.1,0.465
0.63257634,2.1,0.465
0.62839437,2.1,0.465
0.62421243,2.1,0.465
0.62003049,2.1,0.465
0.61584855,2.1,0.465
0.61166658,2.1,0.465
0.60748464,2.1,0.465
0.6033027,2.1,0.465
0.59912076,2.09999871,0.465
0.59493906,2.09995731,0.465
0.59075832,2.09985762,0.465
0.58657938,2.09969967,0.465
0.58240308,2.09948346,0.465
0.57823017,2.09920908,0.465
0.57406149,2.09887656,0.465
0.56989788,2.09848596,0.465
0.56574009,2.09803734,0.465
0.56158896,2.09753082,0.465
0.5574453,2.09696649,0.465
0.55330992,2.09634444,0.465
0.5491836,2.09566482,0.465
0.54506715,2.09492775,0.465
0.54096138,2.09413338,0.465
0.53686707,2.09328183,0.465
0.53278506,2.09237331,0.465
0.52871607,2.09140797,0.465
0.52466097,2.09038599,0.465
0.52062048,2.08930761,0.465
0.51659544,2.08817301,0.465
0.51258657,2.0869824,0.465
0.50859471,2.08573602,0.465
0.50462061,2.08443414,0.465
0.50066505,2.08307697,0.465
0.49672878,2.08166481,0.465
0.49281261,2.0801979,0.465
0.48891723,2.07867654,0.465
0.48504345,2.07710106,0.465
0.48119199,2.0754717,0.465
0.47736363,2.07378882,0.465
0.47355912,2.07205275,0.465
0.46977915,2.07026382,0.465
0.4660245,2.06842236,0.465
0.46229586,2.06652876,0.465
0.45859401,2.06458335,0.465
0.45491961,2.06258652,0.465
0.45127344,2.06053869,0.465
0.44765613,2.05844022,0.465
0.44406843,2.05629153,0.465
0.44051106,2.05409304,0.465
0.43698465,2.05184517,0.465
0.43348992,2.04954837,0.465
0.43002756,2.04720309,0.465
0.4265982,2.04480975,0.465
0.42320256,2.04236886,0.465
0.41984127,2.03988087,0.465
0.41651499,2.03734626,0.465
0.41322435,2.03476554,0.465
0.40997001,2.03213919,0.465
0.4067526,2.02946775,0.465
0.40357275,2.0267517,0.465
0.40043106,2.02399161,0.465
0.39732813,2.02118796,0.465
0.39426462,2.01834135,0.465
0.39124107,2.01545232,0.465
0.38825808,2.01252141,0.465
0.38531622,2.00954922,0.465
0.38241609,2.00653632,0.465
0.37955826,2.00348325,0.465
0.37674324,2.00039067,0.465
0.37397163,1.99725915,0.465
0.37124391,1.99408929,0.465
0.36856065,1.99088172,0.465
0.36592236,1.98763704,0.465
0.36332958,1.98435591,0.465
0.36078276,1.98103896,0.465
0.35828244,1.97768685,0.465
0.35582907,1.97430018,0.465
0.35342316,1.97087967,0.465
0.35106516,1.96742595,0.465
0.34875552,1.96393968,0.465
0.34649472,1.96042155,0.465
0.34428318,1.95687228,0.465
0.34212132,1.9532925,0.465
0.34000959,1.94968293,0.465
0.33794835,1.94604429,0.465
0.33593805,1.94237727,0.465
0.33397905,1.93868259,0.465
0.33207174,1.93496094,0.465
0.33021651,1.93121307,0.465
0.32841369,1.9274397,0.465
0.32666367,1.92364158,0.465
0.32496672,1.91981943,0.465
0.32332323,1.915974,0.465
0.32173353,1.91210604,0.465
0.32019786,1.9082163,0.465
0.31871658,1.9043055,0.465
0.31728996,1.90037445,0.465
0.31591827,1.8964239,0.465
0.31460178,1.89245463,0.465
0.31334076,1.88846736,0.465
0.31213542,1.88446293,0.465
0.31098603,1.88044206,0.465
0.3098928,1.87640556,0.465
0.30885594,1.87235424,0.465
0.30787566,1.86828885,0.465
0.30695214,1.86421017,0.465
0.30608556,1.86011904,0.465
0.3052761,1.85601621,0.465
0.30452388,1.85190252,0.465
0.30382911,1.84777872,0.465
0.30319188,1.84364562,0.465
0.30261234,1.83950409,0.465
0.30209055,1.83535485,0.465
0.30162669,1.83119874,0.465
0.30122079,1.82703657,0.465
0.30087294,1.82286915,0.465
0.3005832,1.81869729,0.465
0.30035169,1.81452177,0.465
0.30017838,1.81034346,0.465
0.3000633,1.80616314,0.465
0.30000654,1.80198162,0.465
0.3,1.79779968,0.465
0.3,1.79361774,0.465
0.3,1.78943577,0.465
0.3,1.78525383,0.465
0.3,1.78107189,0.465
0.3,1.77688995,0.465
0.3,1.77270798,0.465
0.3,1.76852604,0.465
0.3,1.7643441,0.465
0.3,1.76016216,0.465
0.3,1.75598022,0.465
0.3,1.75179825,0.465
0.3,1.74761631,0.465
0.3,1.74343437,0.465
0.3,1.73925243,0.465
0.3,1.73507046,0.465
0.3,1.73088852,0.465
0.3,1.72670658,0.465
0.3,1.72252464,0.465
0.3,1.7183427,0.465
0.3,1.71416073,0.465
0.3,1.70997879,0.465
0.3,1.70579685,0.465
0.3,1.70161491,0.465
0.3,1.69743294,0.465
0.3,1.693251,0.465
0.3,1.68906906,0.465
0.3,1.68488712,0.465
0.3,1.68070518,0.465
0.3,1.67652321,0.465
0.3,1.67234127,0.465
0.3,1.66815933,0.465
0.3,1.66397739,0.465
0.3,1.65979542,0.465
0.3,1.65561348,0.465
0.3,1.65143154,0.465
0.3,1.6472496,0.465
0.3,1.64306766,0.465
0.3,1.63888569,0.465
0.3,1.63470375,0.465
0.3,1.63052181,0.465
0.3,1.62633987,0.465
0.3,1.6221579,0.465
0.3,1.61797596,0.465
0.3,1.61379402,0.465
0.3,1.60961208,0.465
0.3,1.60543011,0.465
0.3,1.60124817,0.465
0.3,1.59706623,0.465
0.3,1.59288429,0.465
0.3,1.58870235,0.465
0.3,1.58452038,0.465
0.3,1.58033844,0.465
0.3,1.5761565,0.465
0.3,1.57197456,0.465
0.3,1.56779259,0.465
0.3,1.56361065,0.465
0.3,1.55942871,0.465
0.3,1.55524677,0.465
0.3,1.55106483,0.465
0.3,1.54688286,0.465
0.3,1.54270092,0.465
0.3,1.53851898,0.465
0.3,1.53433704,0.465
0.3,1.53015507,0.465
0.3,1.52597313,0.465
0.3,1.52179119,0.465
0.3,1.51760925,0.465
0.3,1.51342731,0.465
0.3,1.50924534,0.465
0.3,1.5050634,0.465
0.3,1.50088146,0.465
0.3,1.49669952,0.465
0.3,1.49251755,0.465
0.3,1.48833561,0.465
0.3,1.48415367,0.465
0.3,1.47997173,0.465
0.3,1.47578979,0.465
0.3,1.47160782,0.465
0.3,1.46742588,0.465
0.3,1.46324394,0.465
0.3,1.459062,0.465
0.3,1.45488003,0.465
0.3,1.45069809,0.465
0.3,1.44651615,0.465
0.3,1.44233421,0.465
0.3,1.43815227,0.465
0.3,1.4339703,0.465
0.3,1.42978836,0.465
0.3,1.42560642,0.465
0.3,1.42142448,0.465
0.3,1.41724251,0.465
0.3,1.41306057,0.465
0.3,1.40887863,0.465
0.3,1.40469669,0.465
0.3,1.40051475,0.465
0.3,1.39633278,0.465
0.3,1.39215084,0.465
0.3,1.3879689,0.465
0.3,1.38378696,0.465
0.3,1.37960499,0.465
0.3,1.37542305,0.465
0.3,1.37124111,0.465
0.3,1.36705917,0.465
0.3,1.36287723,0.465
0.3,1.35869526,0.465
0.3,1.35451332,0.465
0.3,1.35033138,0.465
0.3,1.34614944,0.465
0.3,1.34196747,0.465
0.3,1.33778553,0.465
0.3,1.33360359,0.465
0.3,1.32942165,0.465
0.3,1.32523971,0.465
0.3,1.32105774,0.465
0.3,1.3168758,0.465
0.3,1.31269386,0.465
0.3,1.30851192,0.465
0.3,1.30432995,0.465
0.3,1.30014801,0.465
0.3,1.29596607,0.465
0.3,1.29178413,0.465
0.3,1.28760216,0.465
0.3,1.28342022,0.465
0.3,1.27923828,0.465
0.3,1.27505634,0.465
0.3,1.2708744,0.465
0.3,1.26669243,0.465
0.3,1.26251049,0.465
0.3,1.25832855,0.465
0.3,1.25414661,0.465
0.3,1.24996464,0.465
0.3,1.2457827,0.465
0.3,1.24160076,0.465
0.3,1.23741882,0.465
0.3,1.23323688,0.465
0.3,1.22905491,0.465
0.3,1.22487297,0.465
0.3,1.22069103,0.465
0.3,1.21650909,0.465
0.3,1.21232712,0.465
0.3,1.20814518,0.465
0.3,1.20396324,0.465
0.3,1.1997813,0.465
0.3,1.19559936,0.465
0.3,1.19141739,0.465
0.3,1.18723545,0.465
0.3,1.18305351,0.465
0.3,1.17887157,0.465
0.3,1.1746896,0.465
0.3,1.17050766,0.465
0.3,1.16632572,0.465
0.3,1.16214378,0.465
0.3,1.15796184,0.465
0.3,1.15377987,0.465
0.3,1.14959793,0.465
0.3,1.14541599,0.465
0.3,1.14123405,0.465
0.3,1.13705208,0.465
0.3,1.13287014,0.465
0.3,1.1286882,0.465
0.3,1.12450626,0.465
0.3,1.12032432,0.465
0.3,1.11614235,0.465
0.3,1.11196041,0.465
0.3,1.10777847,0.465
0.3,1.10359653,0.465
0.3,1.09941456,0.465
0.3,1.09523262,0.465
0.3,1.09105068,0.465
0.3,1.08686874,0.465
0.3,1.0826868,0.465
0.3,1.07850483,0.465
0.3,1.07432289,0.465
0.3,1.07014095,0.465
0.3,1.06595901,0.465
0.3,1.06177704,0.465
0.3,1.0575951,0.465
0.3,1.05341316,0.465
0.3,1.04923122,0.465
0.3,1.04504928,0.465
0.3,1.04086731,0.465
0.3,1.03668537,0.465
0.3,1.03250343,0.465
0.3,1.02832149,0.465
0.3,1.02413952,0.465
0.3,1.01995758,0.465
0.3,1.01577564,0.465
0.3,1.0115937,0.465
0.3,1.00741176,0.465
0.3,1.00322979,0.465
0.3,0.99904785,0.465
0.3,0.99486591,0.465
0.3,0.99068397,0.465
0.3,0.986502,0.465
0.3,0.98232006,0.465
0.3,0.97813812,0.465
0.3,0.97395618,0.465
0.3,0.96977421,0.465
0.3,0.96559227,0.465
0.3,0.96141033,0.465
0.3,0.95722839,0.465
0.3,0.95304645,0.465
0.3,0.94886448,0.465
0.3,0.94468254,0.465
0.3,0.9405006,0.465
0.3,0.93631866,0.465
0.3,0.93213669,0.465
0.3,0.92795475,0.465
0.3,0.92377281,0.465
0.3,0.91959087,0.465
0.3,0.91540893,0.465
0.3,0.91122696,0.465
0.3,0.90704502,0.465
0.3,0.90286308,0.465
0.3,0.89868114,0.465
0.3,0.89449917,0.465
0.3,0.89031723,0.465
0.3,0.88613529,0.465
0.3,0.88195335,0.465
0.3,0.87777141,0.465
0.3,0.87358944,0.465
0.3,0.8694075,0.465
0.3,0.86522556,0.465
0.3,0.86104362,0.465
0.3,0.85686165,0.465
0.3,0.85267971,0.465
0.3,0.84849777,0.465
0.3,0.84431583,0.465
0.3,0.84013389,0.465
0.3,0.83595192,0.465
0.3,0.83176998,0.465
0.3,0.82758804,0.465
0.3,0.8234061,0.465
0.3,0.81922413,0.465
0.3,0.81504219,0.465
0.3,0.81086025,0.465
0.3,0.80667831,0.465
0.3,0.80249637,0.465
0.3,0.7983144,0.465
0.3,0.79413246,0.465
0.3,0.78995052,0.465
0.3,0.78576858,0.465
0.3,0.78158661,0.465
0.3,0.77740467,0.465
0.3,0.77322273,0.465
0.3,0.76904079,0.465
0.3,0.76485885,0.465
0.3,0.76067688,0.465
0.3,0.75649494,0.465
0.3,0.752313,0.465
0.3,0.74813106,0.465
0.3,0.74394909,0.465
0.3,0.73976715,0.465
0.3,0.73558521,0.465
0.3,0.73140327,0.465
0.3,0.72722133,0.465
0.3,0.72303936,0.465
0.3,0.71885742,0.465
0.3,0.71467548,0.465
0.3,0.71049354,0.465
0.3,0.70631157,0.465
0.3,0.70212963,0.465
0.3,0.69794769,0.465
0.3,0.69376575,0.465
0.3,0.68958381,0.465
0.3,0.68540184,0.465
0.3,0.6812199,0.465
0.3,0.67703796,0.465
0.3,0.67285602,0.465
0.3,0.66867405,0.465
0.3,0.66449211,0.465
0.3,0.66031017,0.465
0.3,0.65612823,0.465
0.3,0.65194626,0.465
0.3,0.64776432,0.465
0.3,0.64358238,0.465
0.3,0.63940044,0.465
0.3,0.6352185,0.465
0.3,0.63103653,0.465
0.3,0.62685459,0.465
0.3,0.62267265,0.465
0.3,0.61849071,0.465
0.3,0.61430874,0.465
0.3,0.6101268,0.465
0.3,0.60594486,0.465
0.3,0.60176292,0.465
0.30000975,0.59758098,0.465
0.30007263,0.59339955,0.465
0.30019377,0.58921941,0.465
0.30037317,0.58504134,0.465
0.3006108,0.58086618,0.465
0.3009066,0.57669474,0.465
0.30126051,0.57252783,0.465
0.30167247,0.56836626,0.465
0.30214242,0.56421084,0.465
0.30267024,0.56006235,0.465
0.30325584,0.55592166,0.465
0.3038991,0.55178952,0.465
0.30459987,0.54766674,0.465
0.30535809,0.54355413,0.465
0.30617352,0.5394525,0.465
0.30704607,0.5353626,0.465
0.30797553,0.5312853,0.465
0.30896175,0.52722135,0.465
0.31000452,0.52317153,0.465
0.31110363,0.51913662,0.465
0.31225887,0.51511746,0.465
0.31347003,0.51111477,0.465
0.3147369,0.50712936,0.465
0.31605915,0.50316198,0.465
0.3174366,0.49921344,0.465
0.31886895,0.49528449,0.465
0.32035596,0.49137585,0.465
0.32189727,0.48748836,0.465
0.32349264,0.48362271,0.465
0.32514171,0.47977968,0.465
0.32684421,0.47596002,0.465
0.32859981,0.47216445,0.465
0.33040812,0.46839372,0.465
0.33226881,0.46464855,0.465
0.33418155,0.46092969,0.465
0.33614592,0.45723786,0.465
0.33816156,0.45357378,0.465
0.34022811,0.44993814,0.465
0.34234512,0.44633166,0.465
0.34451217,0.44275506,0.465
0.3467289,0.439209,0.465
0.34899483,0.43569417,0.465
0.35130954,0.43221129,0.465
0.35367258,0.42876099,0.465
0.35608347,0.42534399,0.465
0.35854176,0.42196092,0.465
0.36104697,0.41861244,0.465
0.36359862,0.41529921,0.465
0.3661962,0.41202186,0.465
0.3688392,0.40878105,0.465
0.37152714,0.40557738,0.465
0.37425948,0.40241151,0.465
0.37703565,0.39928401,0.465
0.37985517,0.39619554,0.465
0.38271747,0.39314667,0.465
0.38562198,0.39013797,0.465
0.38856816,0.38717007,0.465
0.39155541,0.38424351,0.465
0.39458319,0.38135889,0.465
0.39765087,0.37851675,0.465
0.40075785,0.37571766,0.465
0.40390356,0.37296213,0.465
0.40708737,0.37025073,0.465
0.41030868,0.36758397,0.465
0.41356686,0.36496239,0.465
0.41686125,0.36238647,0.465
0.42019122,0.35985672,0.465
0.42355614,0.35737362,0.465
0.42695535,0.35493768,0.465
0.43038816,0.35254935,0.465
0.43385394,0.35020911,0.465
0.43735203,0.34791741,0.465
0.44088168,0.3456747,0.465
0.44444229,0.3434814,0.465
0.44803311,0.34133793,0.465
0.45165345,0.33924474,0.465
0.45530265,0.33720222,0.465
0.45897993,0.33521076,0.465
0.46268463,0.33327075,0.465
0.466416,0.33138258,0.465
0.47017335,0.32954661,0.465
0.4739559,0.32776317,0.465
0.47776296,0.32603265,0.465
0.48159378,0.32435535,0.465
0.48544758,0.32273163,0.465
0.48932367,0.32116179,0.465
0.49322124,0.31964613,0.465
0.49713957,0.31818492,0.465
0.50107791,0.31677849,0.465
0.50503545,0.31542711,0.465
0.50901144,0.31413102,0.465
0.5130051,0.31289046,0.465
0.51701568,0.3117057,0.465
0.5210424,0.31057695,0.465
0.52508445,0.30950445,0.465
0.52914105,0.30848841,0.465
0.53321142,0.30752901,0.465
0.53729475,0.30662643,0.465
0.54139029,0.30578085,0.465
0.54549723,0.30499245,0.465
0.54961473,0.30426138,0.465
0.55374204,0.30358779,0.465
0.55787835,0.30297177,0.465
0.56202282,0.3024135,0.465
0.56617467,0.30191301,0.465
0.57033312,0.30147048,0.465
0.5744973,0.30108594,0.465
0.57866646,0.30075951,0.465
0.58283976,0.30049119,0.465
0.58701639,0.3002811,0.465
0.59119554,0.30012924,0.465
0.5953764,0.30003564,0.465
0.59955816,0.30000033,0.465
0.60374001,0.30002331,0.465
0.60792114,0.30010458,0.465
0.61210071,0.30024414,0.465
0.61627794,0.30044196,0.465
0.62045202,0.30069795,0.465
0.62462211,0.30101211,0.465
0.62878743,0.30138438,0.465
0.63294714,0.30181467,0.465
0.63710046,0.30230292,0.465
0.64124658,0.30284898,0.465
0.64538466,0.30345282,0.465
0.64951392,0.30411426,0.465
0.65363358,0.30483321,0.465
0.6577428,0.30560949,0.465
0.66184083,0.30644301,0.465
0.6659268,0.30733353,0.465
0.66999999,0.30828096,0.465
0.67405956,0.30928506,0.465
0.67810476,0.31034565,0.465
0.68213478,0.31146252,0.465
0.68614881,0.31263546,0.465
0.69014613,0.31386423,0.465
0.69412593,0.31514862,0.465
0.69808743,0.31648836,0.465
0.70202988,0.31788318,0.465
0.7059525,0.31933281,0.465
0.70985451,0.32083698,0.465
0.71373519,0.32239542,0.465
0.71759379,0.3240078,0.465
0.72142953,0.32567379,0.465
0.72524166,0.32739309,0.465
0.72902946,0.32916537,0.465
0.73279218,0.33099027,0.465
0.7365291,0.33286743,0.465
0.7402395,0.33479652,0.465
0.74392266,0.33677715,0.465
0.74757783,0.3388089,0.465
0.75120432,0.34089144,0.465
0.75480144,0.34302429,0.465
0.7583685,0.34520709,0.465
0.76190475,0.34743942,0.465
0.76540956,0.3497208,0.465
0.76888221,0.35205081,0.465
0.77232207,0.35442903,0.465
0.77572842,0.35685495,0.465
0.77910066,0.35932812,0.465
0.78243807,0.36184803,0.465
0.78574002,0.36441426,0.465
0.78900591,0.36702624,0.465
0.79223505,0.36968349,0.465
0.79542684,0.3723855,0.465
0.79858065,0.37513176,0.465
0.80169588,0.3779217,0.465
0.8047719,0.38075478,0.465
0.80780814,0.38363049,0.465
0.81080403,0.3865482,0.465
0.81375891,0.38950743,0.465
0.8166723,0.39250755,0.465
0.81954354,0.39554799,0.465
0.82237215,0.39862815,0.465
0.82515753,0.40174743,0.465
0.82789917,0.40490526,0.465
0.83059653,0.40810098,0.465
0.8332491,0.41133399,0.465
0.83585631,0.41460366,0.465
0.83841771,0.41790936,0.465
0.84093276,0.42125046,0.465
0.84340101,0.42462627,0.465
0.84582198,0.42803616,0.465
0.84819516,0.43147947,0.465
0.8505201,0.43495554,0.465
0.85279638,0.43846365,0.465
0.85502355,0.44200317,0.465
0.85720113,0.44557341,0.465
0.85932876,0.44917362,0.465
0.86140599,0.45280317,0.465
0.86343243,0.45646128,0.465
0.86540766,0.46014732,0.465
0.86733135,0.46386054,0.465
0.86920305,0.46760019,0.465
0.87102249,0.47136558,0.465
0.87278922,0.47515596,0.465
0.87450297,0.47897058,0.465
0.87616338,0.48280875,0.465
0.87777012,0.48666969,0.465
0.87932289,0.49055262,0.465
0.88082136,0.49445685,0.465
0.88226529,0.49838157,0.465
0.88365438,0.50232606,0.465
0.88498833,0.50628951,0.465
0.8862669,0.51027117,0.465
0.88748985,0.51427026,0.465
0.88865694,0.51828603,0.465
0.88976793,0.52231764,0.465
0.89082261,0.52636437,0.465
0.8918208,0.53042541,0.465
0.89276226,0.53449998,0.465
0.89364687,0.53858727,0.465
0.89447439,0.5426865,0.465
0.89524467,0.54679683,0.465
0.89595762,0.55091754,0.465
0.89661303,0.55504776,0.465
0.89721084,0.55918674,0.465
0.89775087,0.56333364,0.465
0.89823303,0.56748765,0.465
0.89865726,0.57164799,0.465
0.89902347,0.57581385,0.465
0.89933154,0.57998439,0.465
0.89958147,0.58415883,0.465
0.89977317,0.58833636,0.465
0.89990664,0.59251614,0.465
0.89998182,0.59669736,0.465
0.9,0.60087924,0.465
0.9,0.60506118,0.465
0.9,0.60924315,0.465
0.9,0.61342509,0.465
0.9,0.61760703,0.465
0.9,0.62178897,0.465
0.9,0.62597094,0.465
0.9,0.63015288,0.465
0.9,0.63433482,0.465
0.9,0.63851676,0.465
0.9,0.6426987,0.465
0.9,0.64688067,0.465
0.9,0.65106261,0.465
0.9,0.65524455,0.465
0.9,0.65942649,0.465
0.9,0.66360846,0.465
0.9,0.6677904,0.465
0.9,0.67197234,0.465
0.9,0.67615428,0.465
0.9,0.68033622,0.465
0.9,0.68451819,0.465
0.9,0.68870013,0.465
0.9,0.69288207,0.465
0.9,0.69706401,0.465
0.9,0.70124598,0.465
0.9,0.70542792,0.465
0.9,0.70960986,0.465
0.9,0.7137918,0.465
0.9,0.71797374,0.465
0.9,0.72215571,0.465
0.9,0.72633765,0.465
0.9,0.73051959,0.465
0.9,0.73470153,0.465
0.9,0.7388835,0.465
0.9,0.74306544,0.465
0.9,0.74724738,0.465
0.9,0.75142932,0.465
0.9,0.75561126,0.465
0.9,0.75979323,0.465
0.9,0.76397517,0.465
0.9,0.76815711,0.465
0.9,0.77233905,0.465
0.9,0.77652102,0.465
0.9,0.78070296,0.465
0.9,0.7848849,0.465
0.9,0.78906684,0.465
0.9,0.79324878,0.465
0.9,0.79743075,0.465
0.9,0.80161269,0.465
0.9,0.80579463,0.465
0.9,0.80997657,0.465
0.9,0.81415854,0.465
0.9,0.81834048,0.465
0.9,0.82252242,0.465
0.9,0.82670436,0.465
0.9,0.83088633,0.465
0.9,0.83506827,0.465
0.9,0.83925021,0.465
0.9,0.84343215,0.465
0.9,0.84761409,0.465
0.9,0.85179606,0.465
0.9,0.855978,0.465
0.9,0.86015994,0.465
0.9,0.86434188,0.465
0.9,0.86852385,0.465
0.9,0.87270579,0.465
0.9,0.87688773,0.465
0.9,0.88106967,0.465
0.9,0.88525161,0.465
0.9,0.88943358,0.465
0.9,0.89361552,0.465
0.9,0.89779746,0.465
0.9,0.9019794,0.465
0.9,0.90616137,0.465
0.9,0.91034331,0.465
0.9,0.91452525,0.465
0.9,0.91870719,0.465
0.9,0.92288913,0.465
0.9,0.9270711,0.465
0.9,0.93125304,0.465
0.9,0.93543498,0.465
0.9,0.93961692,0.465
0.9,0.94379889,0.465
0.9,0.94798083,0.465
0.9,0.95216277,0.465
0.9,0.95634471,0.465
0.9,0.96052665,0.465
0.9,0.96470862,0.465
0.9,0.96889056,0.465
0.9,0.9730725,0.465
0.9,0.97725444,0.465
0.9,0.98143641,0.465
0.9,0.98561835,0.465
0.9,0.98980029,0.465
0.9,0.99398223,0.465
0.9,0.99816417,0.465
0.9,1.00234614,0.465
0.9,1.00652808,0.465
0.9,1.01071002,0.465
0.9,1.01489196,0.465
0.9,1.01907393,0.465
0.9,1.02325587,0.465
0.9,1.02743781,0.465
0.9,1.03161975,0.465
0.9,1.03580169,0.465
0.9,1.03998366,0.465
0.9,1.0441656,0.465
0.9,1.04834754,0.465
0.9,1.05252948,0.465
0.9,1.05671145,0.465
0.9,1.06089339,0.465
0.9,1.06507533,0.465
0.9,1.06925727,0.465
0.9,1.07343921,0.465
0.9,1.07762118,0.465
0.9,1.08180312,0.465
0.9,1.08598506,0.465
0.9,1.090167,0.465
0.9,1.09434897,0.465
0.9,1.09853091,0.465
0.9,1.10271285,0.465
0.9,1.10689479,0.465
0.9,1.11107673,0.465
0.9,1.1152587,0.465
0.9,1.11944064,0.465
0.9,1.12362258,0.465
0.9,1.12780452,0.465
0.9,1.13198649,0.465
0.9,1.13616843,0.465
0.9,1.14035037,0.465
0.9,1.14453231,0.465
0.9,1.14871428,0.465
0.9,1.15289622,0.465
0.9,1.15707816,0.465
0.9,1.1612601,0.465
0.9,1.16544204,0.465
0.9,1.16962401,0.465
0.9,1.17380595,0.465
0.9,1.17798789,0.465
0.9,1.18216983,0.465
0.9,1.1863518,0.465
0.9,1.19053374,0.465
0.9,1.19471568,0.465
0.9,1.19889762,0.465
0.90001581,1.20307953,0.465
0.90008787,1.20726081,0.465
0.90021822,1.21144068,0.465
0.90040683,1.21561836,0.465
0.90065364,1.21979298,0.465
0.90095862,1.22396376,0.465
0.90132174,1.22812986,0.465
0.90174285,1.23229053,0.465
0.90222195,1.2364449,0.465
0.90275889,1.24059219,0.465
0.90335361,1.24473162,0.465
0.90400596,1.24886232,0.465
0.90471582,1.25298354,0.465
0.90548307,1.25709447,0.465
0.90630756,1.2611943,0.465
0.90718908,1.26528225,0.465
0.90812754,1.26935751,0.465
0.9091227,1.2734193,0.465
0.91017438,1.27746681,0.465
0.91128237,1.28149926,0.465
0.91244646,1.2855159,0.465
0.91366644,1.28951589,0.465
0.91494207,1.29349851,0.465
0.91627308,1.29746295,0.465
0.9176592,1.30140846,0.465
0.91910022,1.30533426,0.465
0.92059578,1.3092396,0.465
0.92214567,1.3131237,0.465
0.92374953,1.31698581,0.465
0.92540709,1.32082521,0.465
0.92711799,1.32464112,0.465
0.92888193,1.32843282,0.465
0.93069855,1.33219956,0.465
0.93256749,1.33594062,0.465
0.93448839,1.33965525,0.465
0.93646089,1.34334273,0.465
0.9384846,1.34700237,0.465
0.94055913,1.35063345,0.465
0.94268409,1.35423525,0.465
0.94485903,1.35780711,0.465
0.94708353,1.36134828,0.465
0.9493572,1.3648581,0.465
0.95167959,1.36833588,0.465
0.95405019,1.37178096,0.465
0.95646861,1.37519265,0.465
0.95893434,1.37857029,0.465
0.96144693,1.38191325,0.465
0.96400587,1.38522087,0.465
0.96661065,1.38849249,0.465
0.96926079,1.39172745,0.465
0.97195578,1.39492518,0.465
0.97469508,1.39808505,0.465
0.97747815,1.4012064,0.465
0.98030445,1.40428869,0.465
0.98317344,1.40733126,0.465
0.98608458,1.41033354,0.465
0.98903727,1.41329493,0.465
0.99203097,1.41621492,0.465
0.99506508,1.41909285,0.465
0.998139,1.42192824,0.465
1.00125216,1.42472049,0.465
1.00440393,1.42746906,0.465
1.00759371,1.43017347,0.465
1.01082087,1.43283312,0.465
1.01408481,1.43544753,0.465
1.01738487,1.43801619,0.465
1.02072039,1.44053862,0.465
1.02409077,1.44301428,0.465
1.02749532,1.44544275,0.465
1.03093341,1.44782349,0.465
1.03440435,1.45015611,0.465
1.03790745,1.4524401,0.465
1.04144205,1.45467504,0.465
1.04500746,1.45686051,0.465
1.04860299,1.45899603,0.465
1.05222795,1.46108124,0.465
1.05588162,1.46311575,0.465
1.05956328,1.46509908,0.465
1.06327224,1.46703093,0.465
1.06700778,1.46891088,0.465
1.07076915,1.4707386,0.465
1.07455563,1.4725137,0.465
1.07836647,1.47423582,0.465
1.08220098,1.47590466,0.465
1.08605835,1.47751992,0.465
1.08993789,1.47908121,0.465
1.09383879,1.48058832,0.465
1.09776033,1.48204086,0.465
1.10170173,1.48343862,0.465
1.10566224,1.4847813,0.465
1.10964108,1.48606863,0.465
1.11363747,1.4873004,0.465
1.11765066,1.48847631,0.465
1.12167984,1.48959618,0.465
1.12572423,1.49065977,0.465
1.12978305,1.4916669,0.465
1.13385555,1.49261733,0.465
1.13794086,1.49351094,0.465
1.14203826,1.49434746,0.465
1.14614691,1.49512683,0.465
1.15026603,1.49584884,0.465
1.15439478,1.49651334,0.465
1.15853244,1.49712024,0.465
1.16267814,1.49766942,0.465
1.16683107,1.49816073,0.465
1.17099048,1.49859411,0.465
1.1751555,1.49896947,0.465
1.17932538,1.49928675,0.465
1.18349925,1.49954586,0.465
1.18767633,1.49974677,0.465
1.19185581,1.49988942,0.465
1.19603688,1.49997381,0.465
1.2002187,1.49999991,0.465
1.20440049,1.49996772,0.465
1.20858144,1.49987724,0.465
1.21276068,1.49972847,0.465
1.21693749,1.4995215,0.465
1.22111097,1.4992563,0.465
1.22528037,1.49893293,0.465
1.22944485,1.49855151,0.465
1.2336036,1.49811207,0.465
1.23775584,1.49761467,0.465
1.24190073,1.49705946,0.465
1.24603749,1.49644653,0.465
1.25016528,1.495776,0.465
1.25428335,1.49504799,0.465
1.25839086,1.49426265,0.465
1.26248703,1.49342013,0.465
1.26657105,1.49252058,0.465
1.27064214,1.49156421,0.465
1.27469949,1.49055117,0.465
1.27874232,1.48948167,0.465
1.28276988,1.48835595,0.465
1.28678133,1.48717416,0.465
1.29077592,1.4859366,0.465
1.29475287,1.48464345,0.465
1.29871143,1.48329501,0.465
1.30265079,1.48189149,0.465
1.3065702,1.48043322,0.465
1.31046891,1.47892044,0.465
1.31434617,1.47735348,0.465
1.31820117,1.47573264,0.465
1.32203325,1.47405819,0.465
1.32584157,1.47233049,0.465
1.32962547,1.47054987,0.465
1.33338417,1.46871669,0.465
1.33711695,1.46683131,0.465
1.34082309,1.46489406,0.465
1.34450187,1.46290533,0.465
1.34815257,1.46086551,0.465
1.35177447,1.45877502,0.465
1.35536688,1.45663425,0.465
1.35892911,1.45444359,0.465
1.36246044,1.45220349,0.465
1.36596021,1.4499144,0.465
1.36942776,1.44757674,0.465
1.37286234,1.44519096,0.465
1.37626335,1.44275754,0.465
1.37963013,1.44027696,0.465
1.38296199,1.4377497,0.465
1.3862583,1.43517621,0.465
1.3895184,1.43255703,0.465
1.39274169,1.42989267,0.465
1.39592751,1.42718364,0.465
1.39907529,1.42443048,0.465
1.40218437,1.42163367,0.465
1.40525415,1.41879381,0.465
1.40828406,1.41591144,0.465
1.4112735,1.41298713,0.465
1.41422187,1.41002142,0.465
1.41712863,1.40701488,0.465
1.41999318,1.40396814,0.465
1.42281498,1.40088174,0.465
1.42559352,1.39775634,0.465
1.4283282,1.39459248,0.465
1.43101851,1.39139082,0.465
1.43366394,1.38815199,0.465
1.43626395,1.38487659,0.465
1.43881806,1.38156525,0.465
1.44132576,1.37821863,0.465
1.44378657,1.37483739,0.465
1.44620001,1.37142216,0.465
1.4485656,1.36797363,0.465
1.45088289,1.36449246,0.465
1.45315143,1.36097934,0.465
1.4553708,1.35743493,0.465
1.45754052,1.35385992,0.465
1.45966023,1.35025503,0.465
1.46172945,1.34662092,0.465
1.46374782,1.34295834,0.465
1.46571495,1.33926795,0.465
1.46763045,1.33555053,0.465
1.46949393,1.33180677,0.465
1.47130506,1.32803739,0.465
1.47306345,1.32424311,0.465
1.4747688,1.32042471,0.465
1.47642075,1.31658291,0.465
1.47801897,1.31271846,0.465
1.47956319,1.30883208,0.465
1.48105308,1.30492458,0.465
1.48248834,1.30099668,0.465
1.48386873,1.29704916,0.465
1.48519395,1.29308277,0.465
1.48646376,1.28909832,0.465
1.48767792,1.28509653,0.465
1.48883616,1.28107821,0.465
1.48993827,1.27704414,0.465
1.49098404,1.2729951,0.465
1.49197329,1.26893187,0.465
1.49290578,1.26485526,0.465
1.49378136,1.26076602,0.465
1.49459985,1.25666499,0.465
1.4953611,1.25255295,0.465
1.49606496,1.24843071,0.465
1.49671131,1.24429905,0.465
1.49729997,1.24015878,0.465
1.49783088,1.23601068,0.465
1.49830389,1.23185562,0.465
1.49871897,1.22769435,0.465
1.499076,1.22352771,0.465
1.49937489,1.21935648,0.465
1.49961561,1.2151815,0.465
1.49979813,1.21100358,0.465
1.49992239,1.20682353,0.465
1.49998836,1.20264213,0.465
1.5,1.19846022,0.465
1.5,1.19427828,0.465
1.5,1.19009631,0.465
1.5,1.18591437,0.465
1.5,1.18173243,0.465
1.5,1.17755049,0.465
1.5,1.17336852,0.465
1.5,1.16918658,0.465
1.5,1.16500464,0.465
1.5,1.1608227,0.465
1.5,1.15664076,0.465
1.5,1.15245879,0.465
1.5,1.14827685,0.465
1.5,1.14409491,0.465
1.5,1.13991297,0.465
1.5,1.135731,0.465
1.5,1.13154906,0.465
1.5,1.12736712,0.465
1.5,1.12318518,0.465
1.5,1.11900324,0.465
1.5,1.11482127,0.465
1.5,1.11063933,0.465
1.5,1.10645739,0.465
1.5,1.10227545,0.465
1.5,1.09809348,0.465
1.5,1.09391154,0.465
1.5,1.0897296,0.465
1.5,1.08554766,0.465
1.5,1.08136572,0.465
1.5,1.07718375,0.465
1.5,1.07300181,0.465
1.5,1.06881987,0.465
1.5,1.06463793,0.465
1.5,1.06045596,0.465
1.5,1.05627402,0.465
1.5,1.05209208,0.465
1.5,1.04791014,0.465
1.5,1.0437282,0.465
1.5,1.03954623,0.465
1.5,1.03536429,0.465
1.5,1.03118235,0.465
1.5,1.02700041,0.465
1.5,1.02281844,0.465
1.5,1.0186365,0.465
1.5,1.01445456,0.465
1.5,1.01027262,0.465
1.5,1.00609068,0.465
1.5,1.00190871,0.465
1.5,0.99772677,0.465
1.5,0.99354483,0.465
1.5,0.98936289,0.465
1.5,0.98518092,0.465
1.5,0.98099898,0.465
1.5,0.97681704,0.465
1.5,0.9726351,0.465
1.5,0.96845313,0.465
1.5,0.96427119,0.465
1.5,0.96008925,0.465
1.5,0.95590731,0.465
1.5,0.95172537,0.465
1.5,0.9475434,0.465
1.5,0.94336146,0.465
1.5,0.93917952,0.465
1.5,0.93499758,0.465
1.5,0.93081561,0.465
1.5,0.92663367,0.465
1.5,0.92245173,0.465
1.5,0.91826979,0.465
1.5,0.91408785,0.465
1.5,0.90990588,0.465
1.5,0.90572394,0.465
1.5,0.901542,0.465
1.5,0.89736006,0.465
1.5,0.89317809,0.465
1.5,0.88899615,0.465
1.5,0.88481421,0.465
1.5,0.88063227,0.465
1.5,0.87645033,0.465
1.5,0.87226836,0.465
1.5,0.86808642,0.465
1.5,0.86390448,0.465
1.5,0.85972254,0.465
1.5,0.85554057,0.465
1.5,0.85135863,0.465
1.5,0.84717669,0.465
1.5,0.84299475,0.465
1.5,0.83881281,0.465
1.5,0.83463084,0.465
1.5,0.8304489,0.465
1.5,0.82626696,0.465
1.5,0.82208502,0.465
1.5,0.81790305,0.465
1.5,0.81372111,0.465
1.5,0.80953917,0.465
1.5,0.80535723,0.465
1.5,0.80117529,0.465
1.5,0.79699332,0.465
1.5,0.79281138,0.465
1.5,0.78862944,0.465
1.5,0.7844475,0.465
1.5,0.78026553,0.465
1.5,0.77608359,0.465
1.5,0.77190165,0.465
1.5,0.76771971,0.465
1.5,0.76353777,0.465
1.5,0.7593558,0.465
1.5,0.75517386,0.465
1.5,0.75099192,0.465
1.5,0.74680998,0.465
1.5,0.74262801,0.465
1.5,0.73844607,0.465
1.5,0.73426413,0.465
1.5,0.73008219,0.465
1.5,0.72590025,0.465
1.5,0.72171828,0.465
1.5,0.71753634,0.465
1.5,0.7133544,0.465
1.5,0.70917246,0.465
1.5,0.70499049,0.465
1.5,0.70080855,0.465
1.5,0.69662661,0.465
1.5,0.69244467,0.465
1.5,0.68826273,0.465
1.5,0.68408076,0.465
1.5,0.67989882,0.465
1.5,0.67571688,0.465
1.5,0.67153494,0.465
1.5,0.66735297,0.465
1.5,0.66317103,0.465
1.5,0.65898909,0.465
1.5,0.65480715,0.465
1.5,0.65062518,0.465
1.5,0.64644324,0.465
1.5,0.6422613,0.465
1.5,0.63807936,0.465
1.5,0.63389742,0.465
1.5,0.62971545,0.465
1.5,0.62553351,0.465
1.5,0.62135157,0.465
1.5,0.61716963,0.465
1.5,0.61298766,0.465
1.5,0.60880572,0.465
1.5,0.60462378,0.465
1.5,0.60044184,0.465
1.50002331,0.59625999,0.465
1.50010458,0.59207886,0.465
1.50024414,0.58789929,0.465
1.50044196,0.58372206,0.465
1.50069795,0.57954798,0.465
1.50101211,0.57537789,0.465
1.50138438,0.57121257,0.465
1.50181467,0.56705286,0.465
1.50230292,0.56289954,0.465
1.50284898,0.55875342,0.465
1.50345282,0.55461534,0.465
1.50411426,0.55048608,0.465
1.50483321,0.54636642,0.465
1.50560949,0.5422572,0.465
1.50644301,0.53815917,0.465
1.50733353,0.5340732,0.465
1.50828096,0.53000001,0.465
1.50928506,0.52594044,0.465
1.51034565,0.52189524,0.465
1.51146252,0.51786522,0.465
1.51263546,0.51385119,0.465
1.51386423,0.50985387,0.465
1.51514862,0.50587407,0.465
1.51648836,0.50191257,0.465
1.51788318,0.49797012,0.465
1.51933281,0.4940475,0.465
1.52083698,0.49014549,0.465
1.52239542,0.48626481,0.465
1.5240078,0.48240621,0.465
1.52567379,0.47857047,0.465
1.52739309,0.47475834,0.465
1.52916537,0.47097054,0.465
1.53099027,0.46720782,0.465
1.53286743,0.4634709,0.465
1.53479652,0.4597605,0.465
1.53677715,0.45607734,0.465
1.5388089,0.45242217,0.465
1.54089144,0.44879568,0.465
1.54302429,0.44519856,0.465
1.54520709,0.4416315,0.465
1.54743942,0.43809525,0.465
1.5497208,0.43459044,0.465
1.55205081,0.43111779,0.465
1.55442903,0.42767793,0.465
1.55685495,0.42427158,0.465
1.55932812,0.42089934,0.465
1.56184803,0.41756193,0.465
1.56441426,0.41425998,0.465
1.56702624,0.41099409,0.465
1.56968349,0.40776495,0.465
1.5723855,0.40457316,0.465
1.57513176,0.40141935,0.465
1.5779217,0.39830412,0.465
1.58075478,0.3952281,0.465
1.58363049,0.39219186,0.465
1.5865482,0.38919597,0.465
1.58950743,0.38624109,0.465
1.59250755,0.3833277,0.465
1.59554799,0.38045646,0.465
1.59862815,0.37762785,0.465
1.60174743,0.37484247,0.465
1.60490526,0.37210083,0.465
1.60810098,0.36940347,0.465
1.61133399,0.3667509,0.465
1.61460366,0.36414369,0.465
1.61790936,0.36158229,0.465
1.62125046,0.35906724,0.465
1.62462627,0.35659899,0.465
1.62803616,0.35417802,0.465
1.63147947,0.35180484,0.465
1.63495554,0.3494799,0.465
1.63846365,0.34720362,0.465
1.64200317,0.34497645,0.465
1.64557341,0.34279887,0.465
1.64917362,0.34067124,0.465
1.65280317,0.33859401,0.465
1.65646128,0.33656757,0.465
1.66014732,0.33459234,0.465
1.66386054,0.33266865,0.465
1.66760019,0.33079695,0.465
1.67136558,0.32897751,0.465
1.67515596,0.32721078,0.465
1.67897058,0.32549703,0.465
1.68280875,0.32383662,0.465
1.68666969,0.32222988,0.465
1.69055262,0.32067711,0.465
1.69445685,0.31917864,0.465
1.69838157,0.31773471,0.465
1.70232606,0.31634562,0.465
1.70628951,0.31501167,0.465
1.71027117,0.3137331,0.465
1.71427026,0.31251015,0.465
1.71828603,0.31134306,0.465
1.72231764,0.31023207,0.465
1.72636437,0.30917739,0.465
1.73042541,0.3081792,0.465
1.73449998,0.30723774,0.465
1.73858727,0.30635313,0.465
1.7426865,0.30552561,0.465
1.74679683,0.30475533,0.465
1.75091754,0.30404238,0.465
1.75504776,0.30338697,0.465
1.75918674,0.30278916,0.465
1.76333364,0.30224913,0.465
1.76748765,0.30176697,0.465
1.77164799,0.30134274,0.465
1.77581385,0.30097653,0.465
1.77998439,0.30066846,0.465
1.78415883,0.30041853,0.465
1.78833636,0.30022683,0.465
1.79251614,0.30009336,0.465
1.79669736,0.30001818,0.465
1.80087924,0.3,0.465
1.80506118,0.3,0.465
1.80924315,0.3,0.465
1.81342509,0.3,0.465
1.81760703,0.3,0.465
1.82178897,0.3,0.465
1.82597094,0.3,0.465
1.83015288,0.3,0.465
1.83433482,0.3,0.465
1.83851676,0.3,0.465
1.8426987,0.3,0.465
1.84688067,0.3,0.465
1.85106261,0.3,0.465
1.85524455,0.3,0.465
1.85942649,0.3,0.465
1.86360846,0.3,0.465
1.8677904,0.3,0.465
1.87197234,0.3,0.465
1.87615428,0.3,0.465
1.88033622,0.3,0.465
1.88451819,0.3,0.465
1.88870013,0.3,0.465
1.89288207,0.3,0.465
1.89706401,0.3,0.465
1.90124598,0.3,0.465
1.90542792,0.3,0.465
1.90960986,0.3,0.465
1.9137918,0.3,0.465
1.91797374,0.3,0.465
1.92215571,0.3,0.465
1.92633765,0.3,0.465
1.93051959,0.3,0.465
1.93470153,0.3,0.465
1.9388835,0.3,0.465
1.94306544,0.3,0.465
1.94724738,0.3,0.465
1.95142932,0.3,0.465
1.95561126,0.3,0.465
1.95979323,0.3,0.465
1.96397517,0.3,0.465
1.96815711,0.3,0.465
1.97233905,0.3,0.465
1.97652102,0.3,0.465
1.98070296,0.3,0.465
1.9848849,0.3,0.465
1.98906684,0.3,0.465
1.99324878,0.3,0.465
1.99743075,0.3,0.465
2.00161269,0.3,0.465
2.00579463,0.3,0.465
2.00997657,0.3,0.465
2.01415854,0.3,0.465
2.01834048,0.3,0.465
2.02252242,0.3,0.465
2.02670436,0.3,0.465
2.03088633,0.3,0.465
2.03506827,0.3,0.465
2.03925021,0.3,0.465
2.04343215,0.3,0.465
2.04761409,0.3,0.465
2.05179606,0.3,0.465
2.055978,0.3,0.465
2.06015994,0.3,0.465
2.06434188,0.3,0.465
2.06852385,0.3,0.465
2.07270579,0.3,0.465
2.07688773,0.3,0.465
2.08106967,0.3,0.465
2.08525161,0.3,0.465
2.08943358,0.3,0.465
2.09361552,0.3,0.465
2.09779746,0.3,0.465
2.1019794,0.3,0.465
2.10616137,0.3,0.465
2.11034331,0.3,0.465
2.11452525,0.3,0.465
2.11870719,0.3,0.465
2.12288913,0.3,0.465
2.1270711,0.3,0.465
2.13125304,0.3,0.465
2.13543498,0.3,0.465
2.13961692,0.3,0.465
2.14379889,0.3,0.465
2.14798083,0.3,0.465
2.15216277,0.3,0.465
2.15634471,0.3,0.465
2.16052665,0.3,0.465
2.16470862,0.3,0.465
2.16889056,0.3,0.465
2.1730725,0.3,0.465
2.17725444,0.3,0.465
2.18143641,0.3,0.465
2.18561835,0.3,0.465
2.18980029,0.3,0.465
2.19398223,0.3,0.465
2.19816417,0.3,0.465
2.20234614,0.3,0.465
2.20652808,0.3,0.465
2.21071002,0.3,0.465
2.21489196,0.3,0.465
2.21907393,0.3,0.465
2.22325587,0.3,0.465
2.22743781,0.3,0.465
2.23161975,0.3,0.465
2.23580169,0.3,0.465
2.23998366,0.3,0.465
2.2441656,0.3,0.465
2.24834754,0.3,0.465
2.25252948,0.3,0.465
2.25671145,0.3,0.465
2.26089339,0.3,0.465
2.26507533,0.3,0.465
2.26925727,0.3,0.465
2.27343921,0.3,0.465
2.27762118,0.3,0.465
2.28180312,0.3,0.465
2.28598506,0.3,0.465
2.290167,0.3,0.465
2.29434897,0.3,0.465
2.29853091,0.3,0.465
2.30271285,0.3,0.465
2.30689479,0.3,0.465
2.31107673,0.3,0.465
2.3152587,0.3,0.465
2.31944064,0.3,0.465
2.32362258,0.3,0.465
2.32780452,0.3,0.465
2.33198649,0.3,0.465
2.33616843,0.3,0.465
2.34035037,0.3,0.465
2.34453231,0.3,0.465
2.34871428,0.3,0.465
2.35289622,0.3,0.465
2.35707816,0.3,0.465
2.3612601,0.3,0.465
2.36544204,0.3,0.465
2.36962401,0.3,0.465
2.37380595,0.3,0.465
2.37798789,0.3,0.465
2.38216983,0.3,0.465
2.3863518,0.3,0.465
2.39053374,0.3,0.465
2.39471568,0.3,0.465
2.39889762,0.3,0.465
2.40307953,0.30001581,0.465
2.40726081,0.30008787,0.465
2.41144068,0.30021822,0.465
2.41561836,0.30040683,0.465
2.41979298,0.30065364,0.465
2.42396376,0.30095862,0.465
2.42812986,0.30132174,0.465
2.43229053,0.30174285,0.465
2.4364449,0.30222195,0.465
2.44059219,0.30275889,0.465
2.44473162,0.30335361,0.465
2.44886232,0.30400596,0.465
2.45298354,0.30471582,0.465
2.45709447,0.30548307,0.465
2.4611943,0.30630756,0.465
2.46528225,0.30718908,0.465
2.46935751,0.30812754,0.465
2.4734193,0.3091227,0.465
2.47746681,0.31017438,0.465
2.48149926,0.31128237,0.465
2.4855159,0.31244646,0.465
2.48951589,0.31366644,0.465
2.49349851,0.31494207,0.465
2.49746295,0.31627308,0.465
2.50140846,0.3176592,0.465
2.50533426,0.31910022,0.465
2.5092396,0.32059578,0.465
2.5131237,0.32214567,0.465
2.51698581,0.32374953,0.465
2.52082521,0.32540709,0.465
2.52464112,0.32711799,0.465
2.52843282,0.32888193,0.465
2.53219956,0.33069855,0.465
2.53594062,0.33256749,0.465
2.53965525,0.33448839,0.465
2.54334273,0.33646089,0.465
2.54700237,0.3384846,0.465
2.55063345,0.34055913,0.465
2.55423525,0.34268409,0.465
2.55780711,0.34485903,0.465
2.56134828,0.34708353,0.465
2.5648581,0.3493572,0.465
2.56833588,0.35167959,0.465
2.57178096,0.35405019,0.465
2.57519265,0.35646861,0.465
2.57857029,0.35893434,0.465
2.58191325,0.36144693,0.465
2.58522087,0.36400587,0.465
2.58849249,0.36661065,0.465
2.59172745,0.36926079,0.465
2.59492518,0.37195578,0.465
2.59808505,0.37469508,0.465
2.6012064,0.37747815,0.465
2.60428869,0.38030445,0.465
2.60733126,0.38317344,0.465
2.61033354,0.38608458,0.465
2.61329493,0.38903727,0.465
2.61621492,0.39203097,0.465
2.61909285,0.39506508,0.465
2.62192824,0.398139,0.465
2.62472049,0.40125216,0.465
2.62746906,0.40440393,0.465
2.63017347,0.40759371,0.465
2.63283312,0.41082087,0.465
2.63544753,0.41408481,0.465
2.63801619,0.41738487,0.465
2.64053862,0.42072039,0.465
2.64301428,0.42409077,0.465
2.64544275,0.42749532,0.465
2.64782349,0.43093341,0.465
2.65015611,0.43440435,0.465
2.6524401,0.43790745,0.465
2.65467504,0.44144205,0.465
2.65686051,0.44500746,0.465
2.65899603,0.44860299,0.465
2.66108124,0.45222795,0.465
2.66311575,0.45588162,0.465
2.66509908,0.45956328,0.465
2.66703093,0.46327224,0.465
2.66891088,0.46700778,0.465
2.6707386,0.47076915,0.465
2.6725137,0.47455563,0.465
2.67423582,0.47836647,0.465
2.67590466,0.48220098,0.465
2.67751992,0.48605835,0.465
2.67908121,0.48993789,0.465
2.68058832,0.49383879,0.465
2.68204086,0.49776033,0.465
2.68343862,0.50170173,0.465
2.6847813,0.50566224,0.465
2.68606863,0.50964108,0.465
2.6873004,0.51363747,0.465
2.68847631,0.51765066,0.465
2.68959618,0.52167984,0.465
2.69065977,0.52572423,0.465
2.6916669,0.52978305,0.465
2.69261733,0.53385555,0.465
2.69351094,0.53794086,0.465
2.69434746,0.54203826,0.465
2.69512683,0.54614691,0.465
2.69584884,0.55026603,0.465
2.69651334,0.55439478,0.465
2.69712024,0.55853244,0.465
2.69766942,0.56267814,0.465
2.69816073,0.56683107,0.465
2.69859411,0.57099048,0.465
2.69896947,0.5751555,0.465
2.69928675,0.57932538,0.465
2.69954586,0.58349925,0.465
2.69974677,0.58767633,0.465
2.69988942,0.59185581,0.465
2.69997381,0.59603688,0.465
2.69999991,0.6002187,0.465
2.69996772,0.60440049,0.465
2.69987724,0.60858144,0.465
2.69972847,0.61276068,0.465
2.6995215,0.61693749,0.465
2.6992563,0.62111097,0.465
2.69893293,0.62528037,0.465
2.69855151,0.62944485,0.465
2.69811207,0.6336036,0.465
2.69761467,0.63775584,0.465
2.69705946,0.64190073,0.465
2.69644653,0.64603749,0.465
2.695776,0.65016528,0.465
2.69504799,0.65428335,0.465
2.69426265,0.65839086,0.465
2.69342013,0.66248703,0.465
2.69252058,0.66657105,0.465
2.69156421,0.67064214,0.465
2.69055117,0.67469949,0.465
2.68948167,0.67874232,0.465
2.68835595,0.68276988,0.465
2.68717416,0.68678133,0.465
2.6859366,0.69077592,0.465
2.68464345,0.69475287,0.465
2.68329501,0.69871143,0.465
2.68189149,0.70265079,0.465
2.68043322,0.7065702,0.465
2.67892044,0.71046891,0.465
2.67735348,0.71434617,0.465
2.67573264,0.71820117,0.465
2.67405819,0.72203325,0.465
2.67233049,0.72584157,0.465
2.67054987,0.72962547,0.465
2.66871669,0.73338417,0.465
2.66683131,0.73711695,0.465
2.66489406,0.74082309,0.465
2.66290533,0.74450187,0.465
2.66086551,0.74815257,0.465
2.65877502,0.75177447,0.465
2.65663425,0.75536688,0.465
2.65444359,0.75892911,0.465
2.65220349,0.76246044,0.465
2.6499144,0.76596021,0.465
2.64757674,0.76942776,0.465
2.64519096,0.77286234,0.465
2.64275754,0.77626335,0.465
2.64027696,0.77963013,0.465
2.6377497,0.78296199,0.465
2.63517621,0.7862583,0.465
2.63255703,0.7895184,0.465
2.62989267,0.79274169,0.465
2.62718364,0.79592751,0.465
2.62443048,0.79907529,0.465
2.62163367,0.80218437,0.465
2.61879381,0.80525415,0.465
2.61591144,0.80828406,0.465
2.61298713,0.8112735,0.465
2.61002142,0.81422187,0.465
2.60701488,0.81712863,0.465
2.60396814,0.81999318,0.465
2.60088174,0.82281498,0.465
2.59775634,0.82559352,0.465
2.59459248,0.8283282,0.465
2.59139082,0.83101851,0.465
2.58815199,0.83366394,0.465
2.58487659,0.83626395,0.465
2.58156525,0.83881806,0.465
2.57821863,0.84132576,0.465
2.57483739,0.84378657,0.465
2.57142216,0.84620001,0.465
2.56797363,0.8485656,0.465
2.56449246,0.85088289,0.465
2.56097934,0.85315143,0.465
2.55743493,0.8553708,0.465
2.55385992,0.85754052,0.465
2.55025503,0.85966023,0.465
2.54662092,0.86172945,0.465
2.54295834,0.86374782,0.465
2.53926795,0.86571495,0.465
2.53555053,0.86763045,0.465
2.53180677,0.86949393,0.465
2.52803739,0.87130506,0.465
2.52424311,0.87306345,0.465
2.52042471,0.8747688,0.465
2.51658291,0.87642075,0.465
2.51271846,0.87801897,0.465
2.50883208,0.87956319,0.465
2.50492458,0.88105308,0.465
2.50099668,0.88248834,0.465
2.49704916,0.88386873,0.465
2.49308277,0.88519395,0.465
2.48909832,0.88646376,0.465
2.48509653,0.88767792,0.465
2.48107821,0.88883616,0.465
2.47704414,0.88993827,0.465
2.4729951,0.89098404,0.465
2.46893187,0.89197329,0.465
2.46485526,0.89290578,0.465
2.46076602,0.89378136,0.465
2.45666499,0.89459985,0.465
2.45255295,0.8953611,0.465
2.44843071,0.89606496,0.465
2.44429905,0.89671131,0.465
2.44015878,0.89729997,0.465
2.43601068,0.89783088,0.465
2.43185562,0.89830389,0.465
2.42769435,0.89871897,0.465
2.42352771,0.899076,0.465
2.41935648,0.89937489,0.465
2.4151815,0.89961561,0.465
2.41100358,0.89979813,0.465
2.40682353,0.89992239,0.465
2.40264213,0.89998836,0.465
2.39846022,0.90000396,0.465
2.39427861,0.90005457,0.465
2.39009811,0.90016347,0.465
2.38591956,0.9003306,0.465
2.38174371,0.90055599,0.465
2.37757143,0.90083958,0.465
2.3734035,0.90118128,0.465
2.36924073,0.90158106,0.465
2.36508396,0.9020388,0.465
2.36093394,0.90255447,0.465
2.35679154,0.90312792,0.465
2.35265754,0.90375906,0.465
2.34853272,0.90444777,0.465
2.34441792,0.9051939,0.465
2.34031389,0.90599733,0.465
2.33622147,0.90685788,0.465
2.33214147,0.9077754,0.465
2.32807464,0.90874968,0.465
2.32402176,0.90978057,0.465
2.31998367,0.91086786,0.465
2.31596112,0.91201134,0.465
2.31195492,0.91321077,0.465
2.30796582,0.91446594,0.465
2.3039946,0.91577658,0.465
2.30004201,0.91714245,0.465
2.29610886,0.91856328,0.465
2.29219593,0.9200388,0.465
2.28830391,0.92156871,0.465
2.28443361,0.92315274,0.465
2.28058575,0.92479056,0.465
2.27676111,0.92648184,0.465
2.27296041,0.92822631,0.465
2.2691844,0.93002355,0.465
2.2654338,0.93187329,0.465
2.26170936,0.93377508,0.465
2.2580118,0.93572865,0.465
2.25434181,0.93773355,0.465
2.25070014,0.93978942,0.465
2.24708748,0.94189584,0.465
2.24350452,0.94405242,0.465
2.23995198,0.94625874,0.465
2.23643052,0.94851435,0.465
2.23294086,0.95081886,0.465
2.22948366,0.95317176,0.465
2.22605961,0.95557263,0.465
2.22266934,0.95802099,0.465
2.21931354,0.96051639,0.465
2.21599284,0.96305832,0.465
2.2127079,0.96564627,0.465
2.20945935,0.96827979,0.465
2.20624782,0.97095831,0.465
2.20307397,0.97368135,0.465
2.19993834,0.97644837,0.465
2.19684162,0.9792588,0.465
2.19378438,0.98211216,0.465
2.19076719,0.98500785,0.465
2.18779065,0.9879453,0.465
2.18485536,0.99092397,0.465
2.18196189,0.99394326,0.465
2.17911075,0.9970026,0.465
2.17630257,1.00010139,0.465
2.17353783,1.003239,0.465
2.17081713,1.00641486,0.465
2.16814092,1.00962834,0.465
2.1655098,1.01287881,0.465
2.16292422,1.01616564,0.465
2.16038472,1.01948817,0.465
2.15789178,1.0228458,0.465
2.15544588,1.02623784,0.465
2.1530475,1.02966366,0.465
2.15069712,1.03312257,0.465
2.14839519,1.03661391,0.465
2.14614213,1.04013699,0.465
2.14393839,1.04369115,0.465
2.14178442,1.04727567,0.465
2.13968064,1.05088986,0.465
2.13762744,1.05453306,0.465
2.13562521,1.05820449,0.465
2.13367434,1.06190349,0.465
2.13177525,1.06562931,0.465
2.12992827,1.06938126,0.465
2.12813376,1.07315856,0.465
2.12639208,1.07696055,0.465
2.12470356,1.08078642,0.465
2.12306856,1.08463545,0.465
2.12148735,1.08850692,0.465
2.11996026,1.09240005,0.465
2.11848759,1.09631406,0.465
2.11706964,1.10024826,0.465
2.11570665,1.10420181,0.465
2.11439892,1.10817399,0.465
2.11314666,1.11216402,0.465
2.11195014,1.11617109,0.465
2.1108096,1.12019448,0.465
2.10972528,1.12423338,0.465
2.10869733,1.12828698,0.465
2.10772599,1.13235453,0.465
2.10681147,1.13643522,0.465
2.10595389,1.14052824,0.465
2.10515346,1.14463284,0.465
2.10441033,1.14874821,0.465
2.10372462,1.15287351,0.465
2.10309651,1.15700799,0.465
2.10252606,1.16115081,0.465
2.10201345,1.16530119,0.465
2.10155871,1.16945829,0.465
2.10116196,1.17362136,0.465
2.10082329,1.17778953,0.465
2.10054276,1.18196202,0.465
2.10032043,1.18613802,0.465
2.10015633,1.19031672,0.465
2.10005046,1.19449728,0.465
2.10000291,1.19867892,0.465
2.10001365,1.20286083,0.465
2.10008265,1.20704217,0.465
2.10020997,1.21122213,0.465
2.10039552,1.21539993,0.465
2.1006393,1.21957473,0.465
2.10094125,1.22374572,0.465
2.10130131,1.22791212,0.465
2.10171939,1.23207309,0.465
2.10219546,1.23622782,0.465
2.10272937,1.2403755,0.465
2.10332106,1.24451535,0.465
2.10397041,1.24864653,0.465
2.10467727,1.25276826,0.465
2.10544152,1.25687976,0.465
2.10626301,1.26098019,0.465
2.10714159,1.26506877,0.465
2.10807705,1.26914472,0.465
2.10906924,1.27320723,0.465
2.11011798,1.27725549,0.465
2.11122303,1.28128875,0.465
2.11238421,1.28530623,0.465
2.11360125,1.28930712,0.465
2.11487397,1.29329067,0.465
2.1162021,1.2972561,0.465
2.11758534,1.3012026,0.465
2.11902348,1.30512945,0.465
2.12051622,1.30903587,0.465
2.12206326,1.31292111,0.465
2.12366433,1.31678439,0.465
2.12531907,1.32062499,0.465
2.12702721,1.32444216,0.465
2.12878836,1.32823515,0.465
2.13060222,1.33200321,0.465
2.13246846,1.33574562,0.465
2.13438666,1.33946163,0.465
2.13635646,1.34315058,0.465
2.1383775,1.34681169,0.465
2.14044939,1.35044427,0.465
2.14257171,1.35404763,0.465
2.14474404,1.35762105,0.465
2.14696599,1.36116384,0.465
2.14923708,1.36467534,0.465
2.15155692,1.3681548,0.465
2.15392503,1.37160162,0.465
2.15634096,1.37501505,0.465
2.15880423,1.37839452,0.465
2.16131436,1.38173931,0.465
2.1638709,1.38504876,0.465
2.16647331,1.38832227,0.465
2.16912108,1.39155921,0.465
2.17181373,1.39475889,0.465
2.17455072,1.39792074,0.465
2.17733151,1.40104413,0.465
2.18015559,1.40412846,0.465
2.18302236,1.40717313,0.465
2.18593131,1.41017754,0.465
2.18888184,1.41314109,0.465
2.19187341,1.41606324,0.465
2.19490542,1.41894339,0.465
2.19797727,1.421781,0.465
2.20108839,1.42457553,0.465
2.20423815,1.42732641,0.465
2.20742595,1.43003313,0.465
2.21065119,1.43269515,0.465
2.21391321,1.43531193,0.465
2.21721138,1.43788302,0.465
2.2205451,1.44040785,0.465
2.22391365,1.44288597,0.465
2.22731646,1.44531693,0.465
2.23075278,1.44770019,0.465
2.23422201,1.45003533,0.465
2.23772346,1.45232187,0.465
2.24125644,1.45455939,0.465
2.24482026,1.45674744,0.465
2.24841423,1.4588856,0.465
2.25203766,1.46097345,0.465
2.25568983,1.4630106,0.465
2.25937005,1.46499663,0.465
2.2630776,1.46693118,0.465
2.26681176,1.46881386,0.465
2.27057181,1.47064431,0.465
2.274357,1.47242217,0.465
2.27816658,1.47414708,0.465
2.28199986,1.47581871,0.465
2.28585606,1.47743676,0.465
2.28973446,1.4790009,0.465
2.29363425,1.48051083,0.465
2.29755474,1.48196625,0.465
2.30149512,1.48336689,0.465
2.30545467,1.48471245,0.465
2.30943255,1.48600269,0.465
2.31342804,1.48723734,0.465
2.31744036,1.48841622,0.465
2.32146873,1.489539,0.465
2.32551234,1.49060556,0.465
2.32957044,1.49161563,0.465
2.33364222,1.49256906,0.465
2.3377269,1.49346561,0.465
2.34182367,1.49430513,0.465
2.34593175,1.4950875,0.465
2.35005036,1.49581251,0.465
2.35417863,1.49648001,0.465
2.35831584,1.49708994,0.465
2.36246115,1.49764212,0.465
2.36661372,1.49813646,0.465
2.3707728,1.4985729,0.465
2.37493755,1.49895129,0.465
2.37910719,1.4992716,0.465
2.38328088,1.49953377,0.465
2.38745781,1.49973771,0.465
2.3916372,1.49988342,0.465
2.39581818,1.49997084,0.465
2.4,1.5,0.465
2.40418182,1.50002916,0.465
2.4083628,1.50011658,0.465
2.41254219,1.50026229,0.465
2.41671912,1.50046623,0.465
2.42089281,1.5007284,0.465
2.42506245,1.50104871,0.465
2.4292272,1.5014271,0.465
2.43338628,1.50186354,0.465
2.43753885,1.50235788,0.465
2.44168416,1.50291006,0.465
2.44582137,1.50351999,0.465
2.44994964,1.50418749,0.465
2.45406825,1.5049125,0.465
2.45817633,1.50569487,0.465
2.4622731,1.50653439,0.465
2.46635778,1.50743094,0.465
2.47042956,1.50838437,0.465
2.47448766,1.50939444,0.465
2.47853127,1.510461,0.465
2.48255964,1.51158378,0.465
2.48657196,1.51276266,0.465
2.49056745,1.51399731,0.465
2.49454533,1.51528755,0.465
2.49850488,1.51663311,0.465
2.50244526,1.51803375,0.465
2.50636575,1.51948917,0.465
2.51026554,1.5209991,0.465
2.51414394,1.52256324,0.465
2.51800014,1.52418129,0.465
2.52183342,1.52585292,0.465
2.525643,1.52757783,0.465
2.52942819,1.52935569,0.465
2.53318824,1.53118614,0.465
2.5369224,1.53306882,0.465
2.54062995,1.53500337,0.465
2.54431017,1.5369894,0.465
2.54796234,1.53902655,0.465
2.55158577,1.5411144,0.465
2.55517974,1.54325256,0.465
2.55874356,1.54544061,0.465
2.56227654,1.54767813,0.465
2.56577799,1.54996467,0.465
2.56924722,1.55229981,0.465
2.57268354,1.55468307,0.465
2.57608635,1.55711403,0.465
2.5794549,1.55959215,0.465
2.58278862,1.56211698,0.465
2.58608679,1.56468807,0.465
2.58934881,1.56730485,0.465
2.59257405,1.56996687,0.465
2.59576185,1.57267359,0.465
2.59891161,1.57542447,0.465
2.60202273,1.578219,0.465
2.60509458,1.58105661,0.465
2.60812659,1.58393676,0.465
2.61111816,1.58685891,0.465
2.61406869,1.58982246,0.465
2.61697764,1.59282687,0.465
2.61984441,1.59587154,0.465
2.62266849,1.59895587,0.465
2.62544928,1.60207926,0.465
2.62818627,1.60524111,0.465
2.63087892,1.60844079,0.465
2.63352669,1.61167773,0.465
2.6361291,1.61495124,0.465
2.63868564,1.61826069,0.465
2.64119577,1.62160548,0.465
2.64365904,1.62498495,0.465
2.64607497,1.62839838,0.465
2.64844308,1.6318452,0.465
2.65076292,1.63532466,0.465
2.65303401,1.63883616,0.465
2.65525596,1.64237895,0.465
2.65742829,1.64595237,0.465
2.65955061,1.64955573,0.465
2.6616225,1.65318831,0.465
2.66364354,1.65684942,0.465
2.66561334,1.66053837,0.465
2.66753154,1.66425438,0.465
2.66939778,1.66799679,0.465
2.67121164,1.67176485,0.465
2.67297279,1.67555784,0.465
2.67468093,1.67937501,0.465
2.67633567,1.68321561,0.465
2.67793674,1.68707889,0.465
2.67948378,1.69096413,0.465
2.68097652,1.69487055,0.465
2.68241466,1.6987974,0.465
2.6837979,1.7027439,0.465
2.68512603,1.70670933,0.465
2.68639875,1.71069288,0.465
2.68761579,1.71469377,0.465
2.68877697,1.71871125,0.465
2.68988202,1.72274451,0.465
2.69093076,1.72679277,0.465
2.69192295,1.73085528,0.465
2.69285841,1.73493123,0.465
2.69373699,1.73901981,0.465
2.69455848,1.74312024,0.465
2.69532273,1.74723174,0.465
2.69602959,1.75135347,0.465
2.69667894,1.75548465,0.465
2.69727063,1.7596245,0.465
2.69780454,1.76377218,0.465
2.69828061,1.76792691,0.465
2.69869869,1.77208788,0.465
2.69905875,1.77625428,0.465
2.6993607,1.78042527,0.465
2.69960448,1.78460007,0.465
2.69979003,1.78877787,0.465
2.69991735,1.79295783,0.465
2.69998635,1.79713917,0.465
2.69999709,1.80132108,0.465
2.69994954,1.80550272,0.465
2.69984367,1.80968328,0.465
2.69967957,1.81386198,0.465
2.69945724,1.81803798,0.465
2.69917671,1.82221047,0.465
2.69883804,1.82637864,0.465
2.69844129,1.83054171,0.465
2.69798655,1.83469881,0.465
2.69747394,1.83884919,0.465
2.69690349,1.84299201,0.465
2.69627538,1.84712649,0.465
2.69558967,1.85125179,0.465
2.69484654,1.85536716,0.465
2.69404611,1.85947176,0.465
2.69318853,1.86356478,0.465
2.69227401,1.86764547,0.465
2.69130267,1.87171302,0.465
2.69027472,1.87576662,0.465
2.6891904,1.87980552,0.465
2.68804986,1.88382891,0.465
2.68685334,1.88783598,0.465
2.68560108,1.89182601,0.465
2.68429335,1.89579819,0.465
2.68293036,1.89975174,0.465
2.68151241,1.90368594,0.465
2.68003974,1.90759995,0.465
2.67851265,1.91149308,0.465
2.67693144,1.91536455,0.465
2.67529644,1.91921358,0.465
2.67360792,1.92303945,0.465
2.67186624,1.92684144,0.465
2.67007173,1.93061874,0.465
2.66822475,1.93437069,0.465
2.66632566,1.93809651,0.465
2.66437479,1.94179551,0.465
2.66237256,1.94546694,0.465
2.66031936,1.94911014,0.465
2.65821558,1.95272433,0.465
2.65606161,1.95630885,0.465
2.65385787,1.95986301,0.465
2.65160481,1.96338609,0.465
2.64930288,1.96687743,0.465
2.6469525,1.97033634,0.465
2.64455412,1.97376216,0.465
2.64210822,1.9771542,0.465
2.63961528,1.98051183,0.465
2.63707578,1.98383436,0.465
2.6344902,1.98712119,0.465
2.63185908,1.99037166,0.465
2.62918287,1.99358514,0.465
2.62646217,1.996761,0.465
2.62369743,1.99989861,0.465
2.62088925,2.0029974,0.465
2.61803811,2.00605674,0.465
2.61514464,2.00907603,0.465
2.61220935,2.0120547,0.465
2.60923281,2.01499215,0.465
2.60621562,2.01788784,0.465
2.60315838,2.0207412,0.465
2.60006166,2.02355163,0.465
2.59692603,2.02631865,0.465
2.59375218,2.02904169,0.465
2.59054065,2.03172021,0.465
2.5872921,2.03435373,0.465
2.58400716,2.03694168,0.465
2.58068646,2.03948361,0.465
2.57733066,2.04197901,0.465
2.57394039,2.04442737,0.465
2.57051634,2.04682824,0.465
2.56705914,2.04918114,0.465
2.56356948,2.05148565,0.465
2.56004802,2.05374126,0.465
2.55649548,2.05594758,0.465
2.55291252,2.05810416,0.465
2.54929986,2.06021058,0.465
2.54565819,2.06226645,0.465
2.5419882,2.06427135,0.465
2.53829064,2.06622492,0.465
2.5345662,2.06812671,0.465
2.5308156,2.06997645,0.465
2.52703959,2.07177369,0.465
2.52323889,2.07351816,0.465
2.51941425,2.07520944,0.465
2.51556639,2.07684726,0.465
2.51169609,2.07843129,0.465
2.50780407,2.0799612,0.465
2.50389114,2.08143672,0.465
2.49995799,2.08285755,0.465
2.4960054,2.08422342,0.465
2.49203418,2.08553406,0.465
2.48804508,2.08678923,0.465
2.48403888,2.08798866,0.465
2.48001633,2.08913214,0.465
2.47597824,2.09021943,0.465
2.47192536,2.09125032,0.465
2.46785853,2.0922246,0.465
2.46377853,2.09314212,0.465
2.45968611,2.09400267,0.465
2.45558208,2.0948061,0.465
2.45146728,2.09555223,0.465
2.44734246,2.09624094,0.465
2.44320846,2.09687208,0.465
2.43906606,2.09744553,0.465
2.43491604,2.0979612,0.465
2.43075927,2.09841894,0.465
2.4265965,2.09881872,0.465
2.42242857,2.09916042,0.465
2.41825629,2.09944401,0.465
2.41408044,2.0996694,0.465
2.40990189,2.09983653,0.465
2.40572139,2.09994543,0.465
2.40153978,2.09999604,0.465