2.3741,2.0605,0.0032958,0.046516
2.3717,2.0628,0.0065915,0.043254
2.3694,2.0651,0.0098873,0.040015
2.367,2.0674,0.013183,0.036806
2.3646,2.0697,0.016479,0.033627
2.3622,2.0719,0.019775,0.030478
2.3598,2.0742,0.02307,0.027359
2.3574,2.0764,0.026366,0.024271
2.355,2.0786,0.029662,0.021211
2.3525,2.0809,0.032958,0.018182
2.3501,2.0831,0.036253,0.015181
2.3476,2.0852,0.039549,0.01221
2.3451,2.0874,0.042845,0.0092674
2.3426,2.0896,0.046141,0.0063537
2.3401,2.0917,0.049436,0.0034687
2.3376,2.0938,0.052732,0.00061204
2.3351,2.0959,0.056028,-0.0022164
2.3325,2.098,0.059324,-0.0050167
2.33,2.1001,0.062619,-0.0077892
2.3274,2.1022,0.065915,-0.010534
2.3248,2.1042,0.069211,-0.013251
2.3222,2.1063,0.072507,-0.015941
2.3197,2.1083,0.075803,-0.018604
2.317,2.1103,0.079098,-0.021239
2.3144,2.1123,0.082394,-0.023848
2.3118,2.1143,0.08569,-0.02643
2.3091,2.1163,0.088986,-0.028986
2.3065,2.1182,0.092281,-0.031515
2.3038,2.1202,0.095577,-0.034018
2.3012,2.1221,0.098873,-0.036495
2.2985,2.124,0.10217,-0.038946
2.2958,2.1259,0.10546,-0.041372
2.2931,2.1278,0.10876,-0.043771
2.2904,2.1297,0.11206,-0.046146
2.2876,2.1315,0.11535,-0.048495
2.2849,2.1334,0.11865,-0.050819
2.2822,2.1352,0.12194,-0.053118
2.2794,2.137,0.12524,-0.055392
2.2767,2.1388,0.12853,-0.057642
2.2739,2.1406,0.13183,-0.059867
2.2711,2.1424,0.13513,-0.062068
2.2683,2.1442,0.13842,-0.064245
2.2656,2.1459,0.14172,-0.066398
2.2627,2.1476,0.14501,-0.068527
2.2599,2.1494,0.14831,-0.070632
2.2571,2.1511,0.15161,-0.072713
2.2543,2.1528,0.1549,-0.074772
2.2515,2.1545,0.1582,-0.076807
2.2486,2.1561,0.16149,-0.078818
2.2458,2.1578,0.16479,-0.080807
2.2429,2.1594,0.16808,-0.082773
2.2401,2.1611,0.17138,-0.084716
2.2372,2.1627,0.17468,-0.086637
2.2343,2.1643,0.17797,-0.088535
2.2314,2.1659,0.18127,-0.090411
2.2285,2.1674,0.18456,-0.092265
2.2256,2.169,0.18786,-0.094097
2.2227,2.1706,0.19115,-0.095907
2.2198,2.1721,0.19445,-0.097696
2.2169,2.1736,0.19775,-0.099462
2.2139,2.1751,0.20104,-0.10121
2.211,2.1766,0.20434,-0.10293
2.2081,2.1781,0.20763,-0.10463
2.2051,2.1796,0.21093,-0.10632
2.2022,2.1811,0.21422,-0.10798
2.1992,2.1825,0.21752,-0.10962
2.1962,2.1839,0.22082,-0.11124
2.1933,2.1854,0.22411,-0.11284
2.1903,2.1868,0.22741,-0.11442
2.1873,2.1882,0.2307,-0.11597
2.1843,2.1896,0.234,-0.11751
2.1813,2.1909,0.23729,-0.11903
2.1783,2.1923,0.24059,-0.12053
2.1753,2.1936,0.24389,-0.12201
2.1723,2.195,0.24718,-0.12347
2.1693,2.1963,0.25048,-0.12491
2.1663,2.1976,0.25377,-0.12633
2.1632,2.1989,0.25707,-0.12773
2.1602,2.2002,0.26037,-0.12912
2.1572,2.2015,0.26366,-0.13048
2.1541,2.2027,0.26696,-0.13182
2.1511,2.204,0.27025,-0.13315
2.148,2.2052,0.27355,-0.13446
2.145,2.2065,0.27684,-0.13575
2.1419,2.2077,0.28014,-0.13702
2.1388,2.2089,0.28344,-0.13827
2.1357,2.2101,0.28673,-0.13951
2.1327,2.2113,0.29003,-0.14073
2.1296,2.2124,0.29332,-0.14193
2.1265,2.2136,0.29662,-0.14311
2.1234,2.2147,0.29991,-0.14427
2.1203,2.2159,0.30321,-0.14542
2.1172,2.217,0.30651,-0.14655
2.1141,2.2181,0.3098,-0.14766
2.111,2.2192,0.3131,-0.14876
2.1079,2.2203,0.31639,-0.14984
2.1048,2.2214,0.31969,-0.1509
2.1017,2.2224,0.32298,-0.15194
2.0986,2.2235,0.32628,-0.15297
2.0954,2.2245,0.32958,-0.15399
2.0923,2.2256,0.33287,-0.15498
2.0892,2.2266,0.33617,-0.15596
2.086,2.2276,0.33946,-0.15693
2.0829,2.2286,0.34276,-0.15788
2.0797,2.2296,0.34606,-0.15881
2.0766,2.2306,0.34935,-0.15973
2.0734,2.2316,0.35265,-0.16063
2.0703,2.2325,0.35594,-0.16151
2.0671,2.2335,0.35924,-0.16238
2.064,2.2344,0.36253,-0.16324
2.0608,2.2353,0.36583,-0.16408
2.0577,2.2363,0.36913,-0.1649
2.0545,2.2372,0.37242,-0.16571
2.0513,2.2381,0.37572,-0.16651
2.0481,2.2389,0.37901,-0.16729
2.045,2.2398,0.38231,-0.16806
2.0418,2.2407,0.3856,-0.16881
2.0386,2.2415,0.3889,-0.16955
2.0354,2.2424,0.3922,-0.17027
2.0322,2.2432,0.39549,-0.17098
2.029,2.244,0.39879,-0.17168
2.0258,2.2449,0.40208,-0.17236
2.0226,2.2457,0.40538,-0.17303
2.0194,2.2465,0.40867,-0.17369
2.0162,2.2473,0.41197,-0.17433
2.013,2.248,0.41527,-0.17496
2.0098,2.2488,0.41856,-0.17557
2.0066,2.2496,0.42186,-0.17617
2.0034,2.2503,0.42515,-0.17676
2.0002,2.251,0.42845,-0.17734
1.997,2.2518,0.43175,-0.1779
1.9938,2.2525,0.43504,-0.17845
1.9906,2.2532,0.43834,-0.17899
1.9873,2.2539,0.44163,-0.17952
1.9841,2.2546,0.44493,-0.18003
1.9809,2.2553,0.44822,-0.18053
1.9777,2.256,0.45152,-0.18102
1.9744,2.2566,0.45482,-0.1815
1.9712,2.2573,0.45811,-0.18196
1.968,2.2579,0.46141,-0.18242
1.9647,2.2586,0.4647,-0.18286
1.9615,2.2592,0.468,-0.18329
1.9583,2.2598,0.47129,-0.18371
1.955,2.2604,0.47459,-0.18412
1.9518,2.261,0.47789,-0.18451
1.9486,2.2616,0.48118,-0.1849
1.9453,2.2622,0.48448,-0.18527
1.9421,2.2628,0.48777,-0.18564
1.9388,2.2634,0.49107,-0.18599
1.9356,2.2639,0.49436,-0.18633
1.9323,2.2645,0.49766,-0.18666
1.9291,2.265,0.50096,-0.18698
1.9258,2.2656,0.50425,-0.18729
1.9226,2.2661,0.50755,-0.18759
1.9193,2.2666,0.51084,-0.18789
1.9161,2.2671,0.51414,-0.18817
1.9128,2.2676,0.51743,-0.18844
1.9095,2.2681,0.52073,-0.1887
1.9063,2.2686,0.52403,-0.18895
1.903,2.2691,0.52732,-0.18919
1.8998,2.2696,0.53062,-0.18942
1.8965,2.27,0.53391,-0.18964
1.8932,2.2705,0.53721,-0.18986
1.89,2.2709,0.54051,-0.19006
1.8867,2.2714,0.5438,-0.19026
1.8834,2.2718,0.5471,-0.19044
1.8802,2.2722,0.55039,-0.19062
1.8769,2.2727,0.55369,-0.19079
1.8736,2.2731,0.55698,-0.19095
1.8704,2.2735,0.56028,-0.1911
1.8671,2.2739,0.56358,-0.19124
1.8638,2.2743,0.56687,-0.19138
1.8605,2.2747,0.57017,-0.19151
1.8573,2.275,0.57346,-0.19162
1.854,2.2754,0.57676,-0.19173
1.8507,2.2758,0.58005,-0.19184
1.8474,2.2761,0.58335,-0.19193
1.8442,2.2765,0.58665,-0.19202
1.8409,2.2768,0.58994,-0.1921
1.8376,2.2772,0.59324,-0.19217
1.8343,2.2775,0.59653,-0.19223
1.8311,2.2778,0.59983,-0.19229
1.8278,2.2781,0.60312,-0.19234
1.8245,2.2785,0.60642,-0.19239
1.8212,2.2788,0.60972,-0.19242
1.8179,2.2791,0.61301,-0.19245
1.8146,2.2794,0.61631,-0.19247
1.8114,2.2796,0.6196,-0.19249
1.8081,2.2799,0.6229,-0.1925
1.8048,2.2802,0.6262,-0.1925
1.8015,2.2805,0.62949,-0.1925
1.7982,2.2807,0.63279,-0.19249
1.7949,2.281,0.63608,-0.19247
1.7917,2.2812,0.63938,-0.19245
1.7884,2.2815,0.64267,-0.19242
1.7851,2.2817,0.64597,-0.19238
1.7818,2.282,0.64927,-0.19234
1.7785,2.2822,0.65256,-0.19229
1.7752,2.2824,0.65586,-0.19223
1.7719,2.2826,0.65915,-0.19217
1.7686,2.2828,0.66245,-0.1921
1.7653,2.283,0.66574,-0.19202
1.7621,2.2832,0.66904,-0.19194
1.7588,2.2834,0.67234,-0.19185
1.7555,2.2836,0.67563,-0.19175
1.7522,2.2838,0.67893,-0.19164
1.7489,2.284,0.68222,-0.19153
1.7456,2.2842,0.68552,-0.19141
1.7423,2.2843,0.68881,-0.19129
1.739,2.2845,0.69211,-0.19115
1.7357,2.2846,0.69541,-0.19101
1.7324,2.2848,0.6987,-0.19086
1.7291,2.2849,0.702,-0.19071
1.7258,2.2851,0.70529,-0.19054
1.7226,2.2852,0.70859,-0.19037
1.7193,2.2853,0.71189,-0.19019
1.716,2.2855,0.71518,-0.19
1.7127,2.2856,0.71848,-0.18981
1.7094,2.2857,0.72177,-0.1896
1.7061,2.2858,0.72507,-0.18939
1.7028,2.2859,0.72836,-0.18917
1.6995,2.286,0.73166,-0.18894
1.6962,2.2861,0.73496,-0.1887
1.6929,2.2862,0.73825,-0.18845
1.6896,2.2862,0.74155,-0.1882
1.6863,2.2863,0.74484,-0.18793
1.683,2.2864,0.74814,-0.18766
1.6797,2.2864,0.75143,-0.18738
1.6764,2.2865,0.75473,-0.18709
1.6731,2.2865,0.75803,-0.18679
1.6698,2.2866,0.76132,-0.18648
1.6665,2.2866,0.76462,-0.18617
1.6633,2.2866,0.76791,-0.18584
1.66,2.2867,0.77121,-0.18551
1.6567,2.2867,0.7745,-0.18516
1.6534,2.2867,0.7778,-0.18481
1.6501,2.2867,0.7811,-0.18445
1.6468,2.2867,0.78439,-0.18408
1.6435,2.2867,0.78769,-0.18371
1.6402,2.2867,0.79098,-0.18332
1.6369,2.2867,0.79428,-0.18292
1.6336,2.2867,0.79758,-0.18252
1.6303,2.2867,0.80087,-0.18211
1.627,2.2866,0.80417,-0.18168
1.6237,2.2866,0.80746,-0.18125
1.6204,2.2866,0.81076,-0.18081
1.6171,2.2865,0.81405,-0.18036
1.6138,2.2865,0.81735,-0.17991
1.6105,2.2864,0.82065,-0.17944
1.6072,2.2863,0.82394,-0.17897
1.6039,2.2863,0.82724,-0.17848
1.6006,2.2862,0.83053,-0.17799
1.5973,2.2861,0.83383,-0.17749
1.594,2.286,0.83712,-0.17698
1.5908,2.2859,0.84042,-0.17646
1.5875,2.2858,0.84372,-0.17593
1.5842,2.2857,0.84701,-0.17539
1.5809,2.2856,0.85031,-0.17484
1.5776,2.2855,0.8536,-0.17429
1.5743,2.2854,0.8569,-0.17372
1.571,2.2853,0.86019,-0.17315
1.5677,2.2851,0.86349,-0.17256
1.5644,2.285,0.86679,-0.17197
1.5611,2.2848,0.87008,-0.17137
1.5578,2.2847,0.87338,-0.17076
1.5545,2.2845,0.87667,-0.17014
1.5512,2.2844,0.87997,-0.16951
1.5479,2.2842,0.88327,-0.16887
1.5447,2.2841,0.88656,-0.16823
1.5414,2.2839,0.88986,-0.16757
1.5381,2.2837,0.89315,-0.16691
1.5348,2.2835,0.89645,-0.16623
1.5315,2.2833,0.89974,-0.16555
1.5282,2.2831,0.90304,-0.16486
1.5249,2.2829,0.90634,-0.16416
1.5216,2.2827,0.90963,-0.16345
1.5183,2.2825,0.91293,-0.16273
1.515,2.2823,0.91622,-0.162
1.5118,2.282,0.91952,-0.16126
1.5085,2.2818,0.92281,-0.16051
1.5052,2.2816,0.92611,-0.15975
1.5019,2.2813,0.92941,-0.15899
1.4986,2.2811,0.9327,-0.15821
1.4953,2.2808,0.936,-0.15743
1.492,2.2805,0.93929,-0.15663
1.4888,2.2803,0.94259,-0.15583
1.4855,2.28,0.94588,-0.15502
1.4822,2.2797,0.94918,-0.15419
1.4789,2.2794,0.95248,-0.15336
1.4756,2.2791,0.95577,-0.15252
1.4723,2.2789,0.95907,-0.15167
1.4691,2.2786,0.96236,-0.15081
1.4658,2.2782,0.96566,-0.14994
1.4625,2.2779,0.96895,-0.14906
1.4592,2.2776,0.97225,-0.14817
1.4559,2.2773,0.97555,-0.14728
1.4527,2.277,0.97884,-0.14637
1.4494,2.2766,0.98214,-0.14545
1.4461,2.2763,0.98543,-0.14453
1.4428,2.2759,0.98873,-0.14359
1.4395,2.2756,0.99203,-0.14264
1.4363,2.2752,0.99532,-0.14169
1.433,2.2749,0.99862,-0.14073
1.4297,2.2745,1.0019,-0.13975
1.4264,2.2741,1.0052,-0.13877
1.4232,2.2737,1.0085,-0.13777
1.4199,2.2733,1.0118,-0.13677
1.4166,2.2729,1.0151,-0.13576
1.4134,2.2725,1.0184,-0.13474
1.4101,2.2721,1.0217,-0.1337
1.4068,2.2717,1.025,-0.13266
1.4035,2.2713,1.0283,-0.13161
1.4003,2.2709,1.0316,-0.13055
1.397,2.2705,1.0349,-0.12948
1.3937,2.27,1.0382,-0.1284
1.3905,2.2696,1.0415,-0.12731
1.3872,2.2692,1.0448,-0.12621
1.3839,2.2687,1.0481,-0.1251
1.3807,2.2682,1.0513,-0.12398
1.3774,2.2678,1.0546,-0.12285
1.3742,2.2673,1.0579,-0.12171
1.3709,2.2668,1.0612,-0.12056
1.3676,2.2664,1.0645,-0.1194
1.3644,2.2659,1.0678,-0.11823
1.3611,2.2654,1.0711,-0.11705
1.3579,2.2649,1.0744,-0.11586
1.3546,2.2644,1.0777,-0.11466
1.3513,2.2639,1.081,-0.11345
1.3481,2.2634,1.0843,-0.11223
1.3448,2.2628,1.0876,-0.111
1.3416,2.2623,1.0909,-0.10976
1.3383,2.2618,1.0942,-0.10851
1.3351,2.2613,1.0975,-0.10725
1.3318,2.2607,1.1008,-0.10598
1.3286,2.2602,1.1041,-0.1047
1.3253,2.2596,1.1074,-0.10341
1.3221,2.259,1.1107,-0.10211
1.3188,2.2585,1.114,-0.1008
1.3156,2.2579,1.1173,-0.099479
1.3123,2.2573,1.1206,-0.098148
1.3091,2.2567,1.1239,-0.096807
1.3058,2.2562,1.1272,-0.095455
1.3026,2.2556,1.1304,-0.094093
1.2994,2.255,1.1337,-0.092721
1.2961,2.2544,1.137,-0.091338
1.2929,2.2537,1.1403,-0.089946
1.2897,2.2531,1.1436,-0.088542
1.2864,2.2525,1.1469,-0.087129
1.2832,2.2519,1.1502,-0.085705
1.2799,2.2512,1.1535,-0.08427
1.2767,2.2506,1.1568,-0.082825
1.2735,2.2499,1.1601,-0.08137
1.2703,2.2493,1.1634,-0.079904
1.267,2.2486,1.1667,-0.078427
1.2638,2.248,1.17,-0.07694
1.2606,2.2473,1.1733,-0.075443
1.2573,2.2466,1.1766,-0.073934
1.2541,2.2459,1.1799,-0.072416
1.2509,2.2452,1.1832,-0.070886
1.2477,2.2445,1.1865,-0.069346
1.2445,2.2438,1.1898,-0.067796
1.2412,2.2431,1.1931,-0.066234
1.238,2.2424,1.1964,-0.064662
1.2348,2.2417,1.1997,-0.063079
1.2316,2.241,1.203,-0.061486
1.2284,2.2403,1.2063,-0.059881
1.2252,2.2395,1.2095,-0.058266
1.2219,2.2388,1.2128,-0.05664
1.2187,2.238,1.2161,-0.055003
1.2155,2.2373,1.2194,-0.053356
1.2123,2.2365,1.2227,-0.051697
1.2091,2.2358,1.226,-0.050028
1.2059,2.235,1.2293,-0.048347
1.2027,2.2342,1.2326,-0.046656
1.1995,2.2334,1.2359,-0.044954
1.1963,2.2326,1.2392,-0.04324
1.1931,2.2318,1.2425,-0.041516
1.1899,2.231,1.2458,-0.03978
1.1867,2.2302,1.2491,-0.038034
1.1835,2.2294,1.2524,-0.036276
1.1803,2.2286,1.2557,-0.034508
1.1771,2.2278,1.259,-0.032728
1.1739,2.227,1.2623,-0.030937
1.1708,2.2261,1.2656,-0.029135
1.1676,2.2253,1.2689,-0.027321
1.1644,2.2244,1.2722,-0.025496
1.1612,2.2236,1.2755,-0.023661
1.158,2.2227,1.2788,-0.021813
1.1548,2.2218,1.2821,-0.019955
1.1517,2.221,1.2853,-0.018085
1.1485,2.2201,1.2886,-0.016204
1.1453,2.2192,1.2919,-0.014311
1.1421,2.2183,1.2952,-0.012407
1.139,2.2174,1.2985,-0.010492
1.1358,2.2165,1.3018,-0.0085649
1.1326,2.2156,1.3051,-0.0066265
1.1295,2.2147,1.3084,-0.0046766
1.1263,2.2138,1.3117,-0.0027152
1.1231,2.2129,1.315,-0.00074226
1.12,2.2119,1.3183,0.0012423
1.1168,2.211,1.3216,0.0032384
1.1137,2.21,1.3249,0.0052462
1.1105,2.2091,1.3282,0.0072656
1.1073,2.2081,1.3315,0.0092967
1.1042,2.2072,1.3348,0.01134
1.101,2.2062,1.3381,0.013394
1.0979,2.2052,1.3414,0.01546
1.0947,2.2043,1.3447,0.017538
1.0916,2.2033,1.348,0.019628
1.0885,2.2023,1.3513,0.02173
1.0853,2.2013,1.3546,0.023844
1.0822,2.2003,1.3579,0.025969
1.079,2.1993,1.3612,0.028107
1.0759,2.1983,1.3644,0.030256
1.0728,2.1972,1.3677,0.032417
1.0696,2.1962,1.371,0.034591
1.0665,2.1952,1.3743,0.036776
1.0634,2.1941,1.3776,0.038973
1.0603,2.1931,1.3809,0.041183
1.0571,2.192,1.3842,0.043404
1.054,2.191,1.3875,0.045638
1.0509,2.1899,1.3908,0.047884
1.0478,2.1888,1.3941,0.050142
1.0447,2.1878,1.3974,0.052412
1.0416,2.1867,1.4007,0.054694
1.0384,2.1856,1.404,0.056989
1.0353,2.1845,1.4073,0.059296
1.0322,2.1834,1.4106,0.061615
1.0291,2.1823,1.4139,0.063947
1.026,2.1812,1.4172,0.066291
1.0229,2.1801,1.4205,0.068646
1.0198,2.1789,1.4238,0.070974
1.0167,2.1778,1.4271,0.073257
1.0136,2.1767,1.4304,0.075497
1.0105,2.1755,1.4337,0.077695
1.0075,2.1744,1.437,0.079853
1.0044,2.1732,1.4402,0.081971
1.0013,2.1721,1.4435,0.084051
0.9982,2.1709,1.4468,0.086094
0.99512,2.1697,1.4501,0.088102
0.99204,2.1685,1.4534,0.090074
0.98897,2.1673,1.4567,0.092012
0.9859,2.1662,1.46,0.093918
0.98283,2.165,1.4633,0.095792
0.97976,2.1638,1.4666,0.097634
0.97669,2.1625,1.4699,0.099447
0.97363,2.1613,1.4732,0.10123
0.97057,2.1601,1.4765,0.10298
0.96751,2.1589,1.4798,0.10471
0.96446,2.1576,1.4831,0.10641
0.96141,2.1564,1.4864,0.10809
0.95836,2.1551,1.4897,0.10974
0.95531,2.1539,1.493,0.11136
0.95226,2.1526,1.4963,0.11296
0.94922,2.1514,1.4996,0.11454
0.94618,2.1501,1.5029,0.11609
0.94314,2.1488,1.5062,0.11762
0.94011,2.1475,1.5095,0.11913
0.93708,2.1462,1.5128,0.12062
0.93405,2.1449,1.5161,0.12209
0.93102,2.1436,1.5193,0.12354
0.928,2.1423,1.5226,0.12497
0.92498,2.141,1.5259,0.12638
0.92196,2.1397,1.5292,0.12777
0.91894,2.1383,1.5325,0.12914
0.91593,2.137,1.5358,0.13049
0.91292,2.1357,1.5391,0.13183
0.90991,2.1343,1.5424,0.13315
0.90691,2.133,1.5457,0.13445
0.9039,2.1316,1.549,0.13574
0.90091,2.1302,1.5523,0.13701
0.89791,2.1289,1.5556,0.13827
0.89492,2.1275,1.5589,0.1395
0.89193,2.1261,1.5622,0.14073
0.88894,2.1247,1.5655,0.14194
0.88596,2.1233,1.5688,0.14313
0.88297,2.1219,1.5721,0.14431
0.88,2.1205,1.5754,0.14548
0.87702,2.1191,1.5787,0.14662
0.87405,2.1176,1.582,0.14774
0.87108,2.1162,1.5853,0.14883
0.86811,2.1148,1.5886,0.1499
0.86515,2.1133,1.5919,0.15093
0.86219,2.1119,1.5952,0.15194
0.85923,2.1104,1.5984,0.15292
0.85628,2.109,1.6017,0.15387
0.85333,2.1075,1.605,0.1548
0.85038,2.106,1.6083,0.15569
0.84744,2.1045,1.6116,0.15656
0.8445,2.1031,1.6149,0.1574
0.84156,2.1016,1.6182,0.1582
0.83863,2.1001,1.6215,0.15898
0.83569,2.0986,1.6248,0.15973
0.83277,2.097,1.6281,0.16044
0.82984,2.0955,1.6314,0.16113
0.82692,2.094,1.6347,0.16178
0.824,2.0925,1.638,0.1624
0.82109,2.0909,1.6413,0.16299
0.81818,2.0894,1.6446,0.16354
0.81527,2.0878,1.6479,0.16406
0.81237,2.0863,1.6512,0.16455
0.80947,2.0847,1.6545,0.165
0.80657,2.0831,1.6578,0.16542
0.80368,2.0816,1.6611,0.16581
0.80078,2.08,1.6644,0.16616
0.7979,2.0784,1.6677,0.16647
0.79502,2.0768,1.671,0.16674
0.79214,2.0752,1.6742,0.16698
0.78926,2.0736,1.6775,0.16718
0.78639,2.072,1.6808,0.16735
0.78352,2.0703,1.6841,0.16747
0.78065,2.0687,1.6874,0.16756
0.77779,2.0671,1.6907,0.1676
0.77494,2.0654,1.694,0.16761
0.77208,2.0638,1.6973,0.16757
0.76923,2.0621,1.7006,0.16749
0.76639,2.0605,1.7039,0.16737
0.76354,2.0588,1.7072,0.16721
0.76071,2.0571,1.7105,0.167
0.75787,2.0554,1.7138,0.16675
0.75504,2.0537,1.7171,0.16645
0.75221,2.052,1.7204,0.16611
0.74939,2.0503,1.7237,0.16572
0.74657,2.0486,1.727,0.16528
0.74376,2.0469,1.7303,0.16479
0.74095,2.0452,1.7336,0.16426
0.73814,2.0435,1.7369,0.16367
0.73534,2.0417,1.7402,0.16304
0.73254,2.04,1.7435,0.16235
0.72974,2.0383,1.7468,0.16161
0.72695,2.0365,1.7501,0.16081
0.72417,2.0347,1.7533,0.15997
0.72139,2.033,1.7566,0.15906
0.71861,2.0312,1.7599,0.15811
0.71583,2.0294,1.7632,0.15709
0.71307,2.0276,1.7665,0.15601
0.7103,2.0258,1.7698,0.15488
0.70754,2.024,1.7731,0.15369
0.70478,2.0222,1.7764,0.15243
0.70203,2.0204,1.7797,0.15111
0.69928,2.0186,1.783,0.14973
0.69654,2.0168,1.7863,0.14828
0.6938,2.0149,1.7896,0.14677
0.69107,2.0131,1.7929,0.14519
0.68834,2.0113,1.7962,0.1436
0.68561,2.0094,1.7995,0.142
0.68289,2.0075,1.8028,0.14039
0.68017,2.0057,1.8061,0.13877
0.67746,2.0038,1.8094,0.13714
0.67475,2.0019,1.8127,0.13551
0.67205,2,1.816,0.13386
0.66935,1.9981,1.8193,0.1322
0.66666,1.9962,1.8226,0.13053
0.66397,1.9943,1.8259,0.12885
0.66129,1.9924,1.8291,0.12716
0.65861,1.9905,1.8324,0.12547
0.65594,1.9886,1.8357,0.12376
0.65327,1.9866,1.839,0.12204
0.6506,1.9847,1.8423,0.12032
0.64794,1.9828,1.8456,0.11858
0.64529,1.9808,1.8489,0.11684
0.64264,1.9788,1.8522,0.11509
0.64,1.9769,1.8555,0.11333
0.63736,1.9749,1.8588,0.11156
0.63472,1.9729,1.8621,0.10978
0.63209,1.9709,1.8654,0.10799
0.62947,1.9689,1.8687,0.1062
0.62685,1.9669,1.872,0.10439
0.62424,1.9649,1.8753,0.10258
0.62163,1.9629,1.8786,0.10076
0.61903,1.9609,1.8819,0.098937
0.61643,1.9589,1.8852,0.097104
0.61383,1.9568,1.8885,0.095263
0.61125,1.9548,1.8918,0.093416
0.60866,1.9527,1.8951,0.091563
0.60609,1.9507,1.8984,0.089703
0.60352,1.9486,1.9017,0.087838
0.60095,1.9466,1.905,0.085967
0.59839,1.9445,1.9082,0.08409
0.59583,1.9424,1.9115,0.082208
0.59328,1.9403,1.9148,0.080322
0.59074,1.9382,1.9181,0.078431
0.5882,1.9361,1.9214,0.076536
0.58567,1.934,1.9247,0.074637
0.58314,1.9319,1.928,0.072734
0.58062,1.9298,1.9313,0.070829
0.5781,1.9276,1.9346,0.06892
0.57559,1.9255,1.9379,0.067009
0.57309,1.9234,1.9412,0.065095
0.57059,1.9212,1.9445,0.06318
0.56809,1.9191,1.9478,0.061264
0.56561,1.9169,1.9511,0.059354
0.56312,1.9147,1.9544,0.057456
0.56065,1.9126,1.9577,0.055568
0.55818,1.9104,1.961,0.053691
0.55571,1.9082,1.9643,0.051826
0.55326,1.906,1.9676,0.049971
0.5508,1.9038,1.9709,0.048127
0.54836,1.9016,1.9742,0.046295
0.54592,1.8994,1.9775,0.044474
0.54348,1.8971,1.9808,0.042663
0.54106,1.8949,1.9841,0.040864
0.53863,1.8927,1.9873,0.039077
0.53622,1.8904,1.9906,0.0373
0.53381,1.8882,1.9939,0.035535
0.53141,1.8859,1.9972,0.033782
0.52901,1.8837,2.0005,0.03204
0.52662,1.8814,2.0038,0.03031
0.52423,1.8791,2.0071,0.028591
0.52186,1.8768,2.0104,0.026885
0.51949,1.8746,2.0137,0.02519
0.51712,1.8723,2.017,0.023507
0.51476,1.87,2.0203,0.021836
0.51241,1.8676,2.0236,0.020177
0.51006,1.8653,2.0269,0.01853
0.50772,1.863,2.0302,0.016896
0.50539,1.8607,2.0335,0.015274
0.50306,1.8584,2.0368,0.013664
0.50074,1.856,2.0401,0.012067
0.49843,1.8537,2.0434,0.010483
0.49612,1.8513,2.0467,0.0089109
0.49382,1.8489,2.05,0.0073519
0.49153,1.8466,2.0533,0.0058056
0.48924,1.8442,2.0566,0.0042724
0.48696,1.8418,2.0599,0.0027521
0.48469,1.8394,2.0631,0.001245
0.48242,1.837,2.0664,-0.00024889
0.48016,1.8347,2.0697,-0.0017295
0.47791,1.8322,2.073,-0.0031968
0.47566,1.8298,2.0763,-0.0046506
0.47342,1.8274,2.0796,-0.0060909
0.47119,1.825,2.0829,-0.0075175
0.46897,1.8226,2.0862,-0.0089305
0.46675,1.8201,2.0895,-0.01033
0.46453,1.8177,2.0928,-0.011715
0.46233,1.8152,2.0961,-0.013087
0.46013,1.8128,2.0994,-0.014445
0.45794,1.8103,2.1027,-0.015788
0.45576,1.8078,2.106,-0.017117
0.45358,1.8054,2.1093,-0.018431
0.45141,1.8029,2.1126,-0.01973
0.44925,1.8004,2.1159,-0.021015
0.44709,1.7979,2.1192,-0.022285
0.44494,1.7954,2.1225,-0.02354
0.4428,1.7929,2.1258,-0.02478
0.44066,1.7904,2.1291,-0.026006
0.43854,1.7879,2.1324,-0.027217
0.43642,1.7854,2.1357,-0.028413
0.4343,1.7828,2.139,-0.029594
0.4322,1.7803,2.1422,-0.03076
0.4301,1.7778,2.1455,-0.031911
0.42801,1.7752,2.1488,-0.033047
0.42592,1.7727,2.1521,-0.034169
0.42385,1.7701,2.1554,-0.035276
0.42178,1.7675,2.1587,-0.036368
0.41971,1.765,2.162,-0.037444
0.41766,1.7624,2.1653,-0.038506
0.41561,1.7598,2.1686,-0.039552
0.41357,1.7572,2.1719,-0.040583
0.41154,1.7546,2.1752,-0.041599
0.40951,1.752,2.1785,-0.0426
0.4075,1.7494,2.1818,-0.043585
0.40548,1.7468,2.1851,-0.044556
0.40348,1.7442,2.1884,-0.045511
0.40149,1.7416,2.1917,-0.046451
0.3995,1.7389,2.195,-0.047376
0.39752,1.7363,2.1983,-0.048285
0.39555,1.7337,2.2016,-0.04918
0.39358,1.731,2.2049,-0.050059
0.39162,1.7284,2.2082,-0.050923
0.38967,1.7257,2.2115,-0.051771
0.38773,1.723,2.2148,-0.052604
0.3858,1.7204,2.2181,-0.053423
0.38387,1.7177,2.2213,-0.054225
0.38195,1.715,2.2246,-0.055013
0.38004,1.7123,2.2279,-0.055785
0.37813,1.7096,2.2312,-0.056542
0.37624,1.7069,2.2345,-0.057283
0.37435,1.7042,2.2378,-0.058009
0.37247,1.7015,2.2411,-0.05872
0.3706,1.6988,2.2444,-0.059415
0.36873,1.6961,2.2477,-0.060095
0.36688,1.6934,2.251,-0.06076
0.36503,1.6907,2.2543,-0.061409
0.36318,1.6879,2.2576,-0.062043
0.36135,1.6852,2.2609,-0.062661
0.35953,1.6824,2.2642,-0.063264
0.35771,1.6797,2.2675,-0.063852
0.3559,1.6769,2.2708,-0.064424
0.3541,1.6742,2.2741,-0.06498
0.3523,1.6714,2.2774,-0.065521
0.35052,1.6686,2.2807,-0.066046
0.34874,1.6659,2.284,-0.066556
0.34697,1.6631,2.2873,-0.067051
0.34521,1.6603,2.2906,-0.06753
0.34346,1.6575,2.2939,-0.067993
0.34171,1.6547,2.2971,-0.06844
0.33998,1.6519,2.3004,-0.068872
0.33825,1.6491,2.3037,-0.069289
0.33653,1.6463,2.307,-0.069689
0.33482,1.6435,2.3103,-0.070074
0.33311,1.6407,2.3136,-0.070444
0.33142,1.6378,2.3169,-0.070797
0.32973,1.635,2.3202,-0.071135
0.32805,1.6322,2.3235,-0.071457
0.32638,1.6293,2.3268,-0.071764
0.32472,1.6265,2.3301,-0.072054
0.32307,1.6236,2.3334,-0.072329
0.32142,1.6208,2.3367,-0.072588
0.31979,1.6179,2.34,-0.072831
0.31816,1.615,2.3433,-0.073058
0.31654,1.6122,2.3466,-0.07327
0.31493,1.6093,2.3499,-0.073465
0.31333,1.6064,2.3532,-0.073645
0.31173,1.6035,2.3565,-0.073808
0.31015,1.6006,2.3598,-0.073956
0.30857,1.5977,2.3631,-0.074087
0.307,1.5948,2.3664,-0.074203
0.30544,1.5919,2.3697,-0.074302
0.30389,1.589,2.373,-0.074385
0.30235,1.5861,2.3762,-0.074453
0.30082,1.5832,2.3795,-0.074504
0.29929,1.5803,2.3828,-0.074538
0.29778,1.5774,2.3861,-0.074557
0.29627,1.5744,2.3894,-0.07456
0.29477,1.5715,2.3927,-0.074546
0.29328,1.5686,2.396,-0.074516
0.2918,1.5656,2.3993,-0.074469
0.29033,1.5627,2.4026,-0.074407
0.28887,1.5597,2.4059,-0.074328
0.28741,1.5567,2.4092,-0.074232
0.28597,1.5538,2.4125,-0.07412
0.28453,1.5508,2.4158,-0.073992
0.28311,1.5478,2.4191,-0.073847
0.28169,1.5449,2.4224,-0.073686
0.28028,1.5419,2.4257,-0.073508
0.27888,1.5389,2.429,-0.073314
0.27749,1.5359,2.4323,-0.073103
0.27611,1.5329,2.4356,-0.072875
0.27474,1.5299,2.4389,-0.072631
0.27337,1.5269,2.4422,-0.07237
0.27202,1.5239,2.4455,-0.072092
0.27068,1.5209,2.4488,-0.071797
0.26934,1.5179,2.452,-0.071486
0.26802,1.5149,2.4553,-0.071158
0.2667,1.5119,2.4586,-0.070812
0.26539,1.5088,2.4619,-0.07045
0.26409,1.5058,2.4652,-0.070071
0.26281,1.5028,2.4685,-0.069675
0.26153,1.4997,2.4718,-0.069262
0.26026,1.4967,2.4751,-0.068832
0.259,1.4937,2.4784,-0.068385
0.25775,1.4906,2.4817,-0.06792
0.2565,1.4875,2.485,-0.067439
0.25527,1.4845,2.4883,-0.06694
0.25405,1.4814,2.4916,-0.066423
0.25284,1.4784,2.4949,-0.06589
0.25163,1.4753,2.4982,-0.065339
0.25044,1.4722,2.5015,-0.064771
0.24926,1.4691,2.5048,-0.064185
0.24808,1.4661,2.5081,-0.063582
0.24692,1.463,2.5114,-0.062961
0.24576,1.4599,2.5147,-0.062323
0.24462,1.4568,2.518,-0.061667
0.24348,1.4537,2.5213,-0.060994
0.24236,1.4506,2.5246,-0.060302
0.24124,1.4475,2.5279,-0.059593
0.24014,1.4444,2.5311,-0.058866
0.23904,1.4413,2.5344,-0.058121
0.23796,1.4382,2.5377,-0.057359
0.23688,1.4351,2.541,-0.056578
0.23581,1.432,2.5443,-0.05578
0.23476,1.4288,2.5476,-0.054963
0.23371,1.4257,2.5509,-0.054128
0.23268,1.4226,2.5542,-0.053275
0.23165,1.4194,2.5575,-0.052404
0.23064,1.4163,2.5608,-0.051515
0.22963,1.4132,2.5641,-0.050607
0.22863,1.41,2.5674,-0.049681
0.22765,1.4069,2.5707,-0.048736
0.22667,1.4037,2.574,-0.047773
0.22571,1.4006,2.5773,-0.046792
0.22475,1.3974,2.5806,-0.045792
0.22381,1.3943,2.5839,-0.044773
0.22288,1.3911,2.5872,-0.043736
0.22195,1.388,2.5905,-0.042679
0.22104,1.3848,2.5938,-0.041604
0.22014,1.3816,2.5971,-0.040511
0.21924,1.3784,2.6004,-0.039398
0.21836,1.3753,2.6037,-0.038266
0.21749,1.3721,2.607,-0.037115
0.21663,1.3689,2.6102,-0.035945
0.21578,1.3657,2.6135,-0.034756
0.21494,1.3625,2.6168,-0.033548
0.21411,1.3593,2.6201,-0.03232
0.21329,1.3562,2.6234,-0.031073
0.21248,1.353,2.6267,-0.029807
0.21168,1.3498,2.63,-0.028521
0.21089,1.3466,2.6333,-0.027216
0.21012,1.3434,2.6366,-0.025891
0.20935,1.3402,2.6399,-0.024546
0.2086,1.3369,2.6432,-0.023182
0.20785,1.3337,2.6465,-0.021798
0.20712,1.3305,2.6498,-0.020393
0.2064,1.3273,2.6531,-0.018969
0.20569,1.3241,2.6564,-0.017525
0.20498,1.3209,2.6597,-0.016061
0.20429,1.3176,2.663,-0.014577
0.20362,1.3144,2.6663,-0.013073
0.20295,1.3112,2.6696,-0.011548
0.20229,1.308,2.6729,-0.010003
0.20165,1.3047,2.6762,-0.0084372
0.20101,1.3015,2.6795,-0.0068512
0.20039,1.2983,2.6828,-0.0052446
0.19977,1.295,2.686,-0.0036173
0.19917,1.2918,2.6893,-0.0019693
0.19858,1.2885,2.6926,-0.00030052
0.198,1.2853,2.6959,0.0013891
0.19744,1.282,2.6992,0.0030997
0.19688,1.2788,2.7025,0.0048314
0.19633,1.2755,2.7058,0.0065841
0.1958,1.2723,2.7091,0.008358
0.19528,1.269,2.7124,0.010153
0.19477,1.2658,2.7157,0.01197
0.19427,1.2625,2.719,0.013808
0.19378,1.2593,2.7223,0.015667
0.1933,1.256,2.7256,0.017548
0.19284,1.2527,2.7289,0.019451
0.19238,1.2495,2.7322,0.021375
0.19194,1.2462,2.7355,0.023321
0.19151,1.2429,2.7388,0.02528
0.19109,1.2397,2.7421,0.027208
0.19068,1.2364,2.7454,0.029103
0.19029,1.2331,2.7487,0.030966
0.1899,1.2299,2.752,0.032798
0.18953,1.2266,2.7553,0.034599
0.18917,1.2233,2.7586,0.036372
0.18882,1.22,2.7619,0.038116
0.18848,1.2168,2.7651,0.039834
0.18816,1.2135,2.7684,0.041525
0.18784,1.2102,2.7717,0.043192
0.18754,1.2069,2.775,0.044834
0.18725,1.2036,2.7783,0.046454
0.18698,1.2003,2.7816,0.04805
0.18671,1.1971,2.7849,0.049626
0.18646,1.1938,2.7882,0.05118
0.18622,1.1905,2.7915,0.052715
0.18599,1.1872,2.7948,0.05423
0.18577,1.1839,2.7981,0.055727
0.18556,1.1806,2.8014,0.057207
0.18537,1.1773,2.8047,0.058669
0.18519,1.174,2.808,0.060115
0.18502,1.1708,2.8113,0.061546
0.18487,1.1675,2.8146,0.062962
0.18472,1.1642,2.8179,0.064363
0.18459,1.1609,2.8212,0.06575
0.18447,1.1576,2.8245,0.067125
0.18436,1.1543,2.8278,0.068487
0.18427,1.151,2.8311,0.069837
0.18419,1.1477,2.8344,0.071175
0.18412,1.1444,2.8377,0.072503
0.18406,1.1411,2.8409,0.073821
0.18402,1.1378,2.8442,0.075128
0.18398,1.1345,2.8475,0.076426
0.18397,1.1312,2.8508,0.077716
0.18396,1.1279,2.8541,0.078997
0.18396,1.1246,2.8574,0.08027
0.18398,1.1213,2.8607,0.081535
0.18402,1.118,2.864,0.082794
0.18406,1.1147,2.8673,0.084046
0.18412,1.1114,2.8706,0.085292
0.18419,1.1082,2.8739,0.086532
0.18427,1.1049,2.8772,0.087766
0.18436,1.1016,2.8805,0.088996
0.18447,1.0983,2.8838,0.090221
0.18459,1.095,2.8871,0.091441
0.18473,1.0917,2.8904,0.092658
0.18488,1.0884,2.8937,0.093871
0.18504,1.0851,2.897,0.095081
0.18521,1.0818,2.9003,0.096289
0.1854,1.0785,2.9036,0.097493
0.1856,1.0752,2.9069,0.098696
0.18581,1.0719,2.9102,0.099897
0.18604,1.0687,2.9135,0.1011
0.18628,1.0654,2.9168,0.10229
0.18653,1.0621,2.92,0.10349
0.18679,1.0588,2.9233,0.10469
0.18707,1.0555,2.9266,0.10588
0.18737,1.0522,2.9299,0.10708
0.18767,1.0489,2.9332,0.10827
0.18799,1.0457,2.9365,0.10947
0.18833,1.0424,2.9398,0.11067
0.18867,1.0391,2.9431,0.11187
0.18903,1.0358,2.9464,0.11306
0.18941,1.0326,2.9497,0.11427
0.18979,1.0293,2.953,0.11547
0.19019,1.026,2.9563,0.11667
0.19061,1.0227,2.9596,0.11788
0.19104,1.0195,2.9629,0.11909
0.19148,1.0162,2.9662,0.1203
0.19193,1.0129,2.9695,0.12151
0.1924,1.0097,2.9728,0.12273
0.19289,1.0064,2.9761,0.12395
0.19338,1.0032,2.9794,0.12518
0.19389,0.99991,2.9827,0.12641
0.19442,0.99665,2.986,0.12764
0.19496,0.9934,2.9893,0.12888
0.19551,0.99015,2.9926,0.13012
0.19608,0.98691,2.9959,0.13136
0.19666,0.98366,2.9991,0.13258
0.19725,0.98042,3.0024,0.1338
0.19786,0.97718,3.0057,0.13501
0.19849,0.97395,3.009,0.1362
0.19912,0.97071,3.0123,0.13739
0.19978,0.96748,3.0156,0.13856
0.20044,0.96425,3.0189,0.13973
0.20112,0.96103,3.0222,0.14088
0.20182,0.95781,3.0255,0.14202
0.20252,0.95459,3.0288,0.14315
0.20325,0.95137,3.0321,0.14427
0.20399,0.94816,3.0354,0.14538
0.20474,0.94495,3.0387,0.14648
0.2055,0.94175,3.042,0.14756
0.20628,0.93855,3.0453,0.14863
0.20708,0.93535,3.0486,0.14969
0.20789,0.93215,3.0519,0.15074
0.20872,0.92896,3.0552,0.15177
0.20955,0.92577,3.0585,0.15279
0.21041,0.92259,3.0618,0.1538
0.21128,0.91941,3.0651,0.15479
0.21216,0.91624,3.0684,0.15577
0.21306,0.91307,3.0717,0.15674
0.21397,0.9099,3.0749,0.1577
0.2149,0.90674,3.0782,0.15864
0.21584,0.90358,3.0815,0.15957
0.2168,0.90043,3.0848,0.16048
0.21777,0.89728,3.0881,0.16138
0.21876,0.89413,3.0914,0.16227
0.21976,0.89099,3.0947,0.16314
0.22078,0.88786,3.098,0.164
0.22181,0.88473,3.1013,0.16484
0.22286,0.8816,3.1046,0.16568
0.22392,0.87848,3.1079,0.16649
0.225,0.87537,3.1112,0.1673
0.22609,0.87226,3.1145,0.16809
0.2272,0.86916,3.1178,0.16886
0.22833,0.86606,3.1211,0.16962
0.22947,0.86296,3.1244,0.17037
0.23062,0.85988,3.1277,0.17111
0.23179,0.8568,3.131,0.17183
0.23297,0.85372,3.1343,0.17254
0.23417,0.85065,3.1376,0.17323
0.23539,0.84759,3.1409,0.17391
0.23662,0.84453,3.1442,0.17458
0.23787,0.84148,3.1475,0.17523
0.23913,0.83844,3.1508,0.17587
0.24041,0.8354,3.154,0.1765
0.2417,0.83237,3.1573,0.17711
0.24301,0.82934,3.1606,0.17771
0.24434,0.82632,3.1639,0.1783
0.24568,0.82331,3.1672,0.17887
0.24703,0.82031,3.1705,0.17944
0.24841,0.81731,3.1738,0.17999
0.24979,0.81432,3.1771,0.18053
0.2512,0.81134,3.1804,0.18105
0.25262,0.80837,3.1837,0.18156
0.25405,0.8054,3.187,0.18207
0.2555,0.80244,3.1903,0.18256
0.25697,0.79949,3.1936,0.18303
0.25845,0.79655,3.1969,0.1835
0.25995,0.79361,3.2002,0.18395
0.26147,0.79069,3.2035,0.1844
0.263,0.78777,3.2068,0.18483
0.26455,0.78486,3.2101,0.18525
0.26611,0.78196,3.2134,0.18566
0.26769,0.77906,3.2167,0.18606
0.26929,0.77618,3.22,0.18645
0.2709,0.77331,3.2233,0.18683
0.27253,0.77044,3.2266,0.18719
0.27417,0.76758,3.2298,0.18755
0.27583,0.76474,3.2331,0.1879
0.27751,0.7619,3.2364,0.18824
0.2792,0.75907,3.2397,0.18857
0.28091,0.75626,3.243,0.18889
0.28264,0.75345,3.2463,0.18919
0.28438,0.75065,3.2496,0.18949
0.28614,0.74786,3.2529,0.18976
0.28792,0.74509,3.2562,0.19002
0.28971,0.74232,3.2595,0.19026
0.29152,0.73957,3.2628,0.1905
0.29334,0.73682,3.2661,0.19072
0.29518,0.73409,3.2694,0.19093
0.29704,0.73137,3.2727,0.19113
0.29892,0.72866,3.276,0.19131
0.30081,0.72596,3.2793,0.19148
0.30272,0.72327,3.2826,0.19164
0.30464,0.7206,3.2859,0.19179
0.30658,0.71793,3.2892,0.19192
0.30854,0.71528,3.2925,0.19204
0.31052,0.71264,3.2958,0.19214
0.31251,0.71002,3.2991,0.19224
0.31452,0.7074,3.3024,0.19232
0.31654,0.7048,3.3057,0.19238
0.31859,0.70222,3.3089,0.19243
0.32065,0.69964,3.3122,0.19247
0.32272,0.69709,3.3155,0.19249
0.32481,0.69454,3.3188,0.1925
0.32692,0.69201,3.3221,0.19249
0.32905,0.68949,3.3254,0.19247
0.3312,0.68699,3.3287,0.19243
0.33336,0.6845,3.332,0.19237
0.33553,0.68202,3.3353,0.1923
0.33773,0.67957,3.3386,0.19221
0.33994,0.67712,3.3419,0.1921
0.34217,0.67469,3.3452,0.19198
0.34441,0.67228,3.3485,0.19184
0.34668,0.66989,3.3518,0.19169
0.34896,0.66751,3.3551,0.19151
0.35125,0.66514,3.3584,0.19132
0.35357,0.6628,3.3617,0.19111
0.3559,0.66047,3.365,0.19088
0.35825,0.65815,3.3683,0.19063
0.36061,0.65586,3.3716,0.19037
0.363,0.65358,3.3749,0.19008
0.3654,0.65132,3.3782,0.18977
0.36781,0.64908,3.3815,0.18944
0.37025,0.64686,3.3848,0.18909
0.3727,0.64466,3.388,0.18872
0.37516,0.64247,3.3913,0.18833
0.37765,0.6403,3.3946,0.18792
0.38015,0.63816,3.3979,0.18749
0.38266,0.63603,3.4012,0.18703
0.38519,0.63392,3.4045,0.18655
0.38774,0.63182,3.4078,0.18605
0.3903,0.62975,3.4111,0.18552
0.39288,0.6277,3.4144,0.18497
0.39547,0.62566,3.4177,0.18439
0.39808,0.62365,3.421,0.1838
0.40071,0.62165,3.4243,0.18317
0.40334,0.61968,3.4276,0.18252
0.406,0.61772,3.4309,0.18185
0.40866,0.61579,3.4342,0.18115
0.41135,0.61387,3.4375,0.18042
0.41404,0.61198,3.4408,0.17967
0.41675,0.6101,3.4441,0.17889
0.41948,0.60825,3.4474,0.17808
0.42222,0.60641,3.4507,0.17725
0.42497,0.6046,3.454,0.17639
0.42773,0.60281,3.4573,0.1755
0.43051,0.60104,3.4606,0.17458
0.4333,0.59928,3.4638,0.17363
0.43611,0.59756,3.4671,0.17265
0.43893,0.59585,3.4704,0.17164
0.44176,0.59416,3.4737,0.17061
0.44461,0.5925,3.477,0.16954
0.44746,0.59086,3.4803,0.16844
0.45033,0.58924,3.4836,0.16735
0.45322,0.58764,3.4869,0.16628
0.45611,0.58606,3.4902,0.16523
0.45902,0.58451,3.4935,0.1642
0.46194,0.58298,3.4968,0.16319
0.46487,0.58148,3.5001,0.1622
0.46781,0.58,3.5034,0.16122
0.47077,0.57854,3.5067,0.16027
0.47374,0.5771,3.51,0.15933
0.47672,0.57569,3.5133,0.15841
0.47971,0.57431,3.5166,0.1575
0.48271,0.57295,3.5199,0.15661
0.48572,0.57161,3.5232,0.15574
0.48875,0.5703,3.5265,0.15487
0.49178,0.56902,3.5298,0.15402
0.49483,0.56776,3.5331,0.15319
0.49788,0.56652,3.5364,0.15236
0.50095,0.56532,3.5397,0.15155
0.50403,0.56414,3.5429,0.15074
0.50712,0.56299,3.5462,0.14995
0.51021,0.56186,3.5495,0.14916
0.51332,0.56077,3.5528,0.14839
0.51644,0.5597,3.5561,0.14762
0.51957,0.55866,3.5594,0.14686
0.52271,0.55765,3.5627,0.14611
0.52585,0.55667,3.566,0.14537
0.52901,0.55572,3.5693,0.14463
0.53217,0.5548,3.5726,0.1439
0.53535,0.55392,3.5759,0.14317
0.53853,0.55306,3.5792,0.14245
0.54172,0.55223,3.5825,0.14173
0.54492,0.55144,3.5858,0.14102
0.54813,0.55068,3.5891,0.14031
0.55134,0.54996,3.5924,0.1396
0.55456,0.54927,3.5957,0.1389
0.55779,0.54861,3.599,0.1382
0.56103,0.54799,3.6023,0.1375
0.56427,0.5474,3.6056,0.1368
0.56752,0.54685,3.6089,0.1361
0.57078,0.54633,3.6122,0.13541
0.57404,0.54586,3.6155,0.13471
0.5773,0.54542,3.6187,0.13401
0.58058,0.54502,3.622,0.13332
0.58385,0.54465,3.6253,0.13262
0.58713,0.54433,3.6286,0.13193
0.59041,0.54404,3.6319,0.13123
0.5937,0.5438,3.6352,0.13053
0.59699,0.54359,3.6385,0.12983
0.60028,0.54343,3.6418,0.12913
0.60358,0.5433,3.6451,0.12843
0.60687,0.54322,3.6484,0.12773
0.61017,0.54318,3.6517,0.12702
0.61346,0.54318,3.655,0.12631
0.61676,0.54322,3.6583,0.1256
0.62005,0.5433,3.6616,0.12489
0.62335,0.54343,3.6649,0.12417
0.62664,0.5436,3.6682,0.12344
0.62993,0.54381,3.6715,0.1227
0.63321,0.54407,3.6748,0.12197
0.63649,0.54437,3.6781,0.12124
0.63977,0.54471,3.6814,0.12051
0.64304,0.54509,3.6847,0.11978
0.64631,0.54552,3.688,0.11905
0.64957,0.54599,3.6913,0.11832
0.65283,0.5465,3.6946,0.11759
0.65608,0.54706,3.6978,0.11686
0.65932,0.54766,3.7011,0.11612
0.66255,0.5483,3.7044,0.11538
0.66578,0.54898,3.7077,0.11464
0.66899,0.54971,3.711,0.11389
0.6722,0.55048,3.7143,0.11313
0.67539,0.55129,3.7176,0.11237
0.67857,0.55214,3.7209,0.11161
0.68175,0.55303,3.7242,0.11083
0.68491,0.55397,3.7275,0.11005
0.68806,0.55494,3.7308,0.10926
0.69119,0.55596,3.7341,0.10846
0.69431,0.55702,3.7374,0.10764
0.69742,0.55812,3.7407,0.10682
0.70051,0.55925,3.744,0.10599
0.70359,0.56043,3.7473,0.10515
0.70665,0.56165,3.7506,0.1043
0.7097,0.56291,3.7539,0.10344
0.71273,0.56421,3.7572,0.10256
0.71574,0.56554,3.7605,0.10167
0.71874,0.56692,3.7638,0.10077
0.72171,0.56833,3.7671,0.099853
0.72467,0.56978,3.7704,0.098924
0.72761,0.57127,3.7736,0.097981
0.73053,0.5728,3.7769,0.097024
0.73343,0.57437,3.7802,0.096052
0.73631,0.57597,3.7835,0.095065
0.73917,0.57761,3.7868,0.094063
0.74201,0.57929,3.7901,0.093046
0.74482,0.581,3.7934,0.092012
0.74761,0.58275,3.7967,0.090963
0.75038,0.58454,3.8,0.089897
0.75313,0.58636,3.8033,0.088815
0.75585,0.58822,3.8066,0.087716
0.75855,0.59012,3.8099,0.086599
0.76122,0.59205,3.8132,0.085466
0.76386,0.59401,3.8165,0.084315
0.76648,0.59601,3.8198,0.083146
0.76908,0.59805,3.8231,0.081959
0.77164,0.60012,3.8264,0.080754
0.77418,0.60222,3.8297,0.079531
0.77669,0.60436,3.833,0.078288
0.77917,0.60653,3.8363,0.077028
0.78161,0.60873,3.8396,0.075748
0.78403,0.61097,3.8429,0.074451
0.78642,0.61324,3.8462,0.073143
0.78878,0.61555,3.8495,0.07181
0.7911,0.61788,3.8527,0.070442
0.79339,0.62025,3.856,0.069046
0.79565,0.62265,3.8593,0.067632
0.79788,0.62509,3.8626,0.066201
0.80006,0.62755,3.8659,0.064751
0.80222,0.63004,3.8692,0.063281
0.80433,0.63257,3.8725,0.061793
0.80641,0.63513,3.8758,0.060284
0.80846,0.63772,3.8791,0.058755
0.81047,0.64033,3.8824,0.057205
0.81244,0.64297,3.8857,0.055631
0.81436,0.64565,3.889,0.054035
0.81625,0.64835,3.8923,0.052422
0.8181,0.65107,3.8956,0.050785
0.81992,0.65382,3.8989,0.049119
0.8217,0.65659,3.9022,0.047426
0.82346,0.65938,3.9055,0.045708
0.82518,0.66219,3.9088,0.043964
0.82687,0.66502,3.9121,0.042194
0.82852,0.66787,3.9154,0.040397
0.83015,0.67074,3.9187,0.038573
0.83175,0.67362,3.922,0.03672
0.83332,0.67652,3.9253,0.034839
0.83486,0.67943,3.9285,0.032927
0.83638,0.68236,3.9318,0.030986
0.83787,0.6853,3.9351,0.029014
0.83933,0.68825,3.9384,0.02701
0.84076,0.69122,3.9417,0.024975
0.84217,0.6942,3.945,0.022906
0.84356,0.69719,3.9483,0.020805
0.84492,0.70019,3.9516,0.018669
0.84625,0.7032,3.9549,0.016513
0.84757,0.70623,3.9582,0.014376
0.84886,0.70926,3.9615,0.012257
0.85013,0.7123,3.9648,0.010156
0.85137,0.71535,3.9681,0.0080734
0.8526,0.71841,3.9714,0.0060085
0.8538,0.72148,3.9747,0.0039612
0.85499,0.72455,3.978,0.0019312
0.85615,0.72764,3.9813,-8.1784e-05
0.8573,0.73073,3.9846,-0.002078
0.85842,0.73382,3.9879,-0.0040576
0.85953,0.73693,3.9912,-0.0060209
0.86062,0.74004,3.9945,-0.0079681
0.86169,0.74316,3.9978,-0.0098995
0.86275,0.74628,4.0011,-0.011815
0.86379,0.74941,4.0044,-0.013716
0.86481,0.75254,4.0076,-0.015601
0.86581,0.75568,4.0109,-0.017471
0.8668,0.75882,4.0142,-0.019327
0.86778,0.76197,4.0175,-0.021168
0.86874,0.76512,4.0208,-0.022995
0.86968,0.76828,4.0241,-0.024808
0.87061,0.77144,4.0274,-0.026607
0.87153,0.77461,4.0307,-0.028392
0.87243,0.77778,4.034,-0.030164
0.87332,0.78095,4.0373,-0.031923
0.8742,0.78413,4.0406,-0.03367
0.87507,0.78731,4.0439,-0.035403
0.87592,0.79049,4.0472,-0.037124
0.87677,0.79368,4.0505,-0.038833
0.8776,0.79686,4.0538,-0.04053
0.87842,0.80006,4.0571,-0.042216
0.87923,0.80325,4.0604,-0.04389
0.88003,0.80645,4.0637,-0.045552
0.88082,0.80965,4.067,-0.047204
0.8816,0.81285,4.0703,-0.048845
0.88238,0.81605,4.0736,-0.050475
0.88314,0.81926,4.0769,-0.052095
0.8839,0.82247,4.0802,-0.053705
0.88464,0.82568,4.0835,-0.055306
0.88538,0.82889,4.0867,-0.056897
0.88612,0.8321,4.09,-0.058479
0.88684,0.83532,4.0933,-0.060052
0.88756,0.83853,4.0966,-0.061616
0.88827,0.84175,4.0999,-0.063172
0.88898,0.84497,4.1032,-0.06472
0.88968,0.84819,4.1065,-0.066261
0.89038,0.85141,4.1098,-0.067794
0.89107,0.85463,4.1131,-0.06932
0.89175,0.85786,4.1164,-0.070839
0.89244,0.86108,4.1197,-0.072351
0.89311,0.86431,4.123,-0.073858
0.89379,0.86753,4.1263,-0.075358
0.89446,0.87076,4.1296,-0.076854
0.89512,0.87399,4.1329,-0.078344
0.89579,0.87722,4.1362,-0.07983
0.89645,0.88045,4.1395,-0.081311
0.89711,0.88368,4.1428,-0.082789
0.89776,0.8869,4.1461,-0.084263
0.89842,0.89013,4.1494,-0.085734
0.89907,0.89337,4.1527,-0.087202
0.89972,0.8966,4.156,-0.088668
0.90038,0.89983,4.1593,-0.090133
0.90103,0.90306,4.1625,-0.091596
0.90168,0.90629,4.1658,-0.093058
0.90233,0.90952,4.1691,-0.094521
0.90298,0.91275,4.1724,-0.095983
0.90364,0.91598,4.1757,-0.097445
0.90429,0.91921,4.179,-0.0989
0.90495,0.92244,4.1823,-0.10034
0.9056,0.92567,4.1856,-0.10178
0.90626,0.9289,4.1889,-0.1032
0.90692,0.93213,4.1922,-0.10463
0.90759,0.93536,4.1955,-0.10604
0.90826,0.93858,4.1988,-0.10745
0.90893,0.94181,4.2021,-0.10886
0.9096,0.94504,4.2054,-0.11025
0.91028,0.94826,4.2087,-0.11164
0.91096,0.95149,4.212,-0.11303
0.91165,0.95471,4.2153,-0.1144
0.91234,0.95793,4.2186,-0.11577
0.91303,0.96115,4.2219,-0.11713
0.91373,0.96437,4.2252,-0.11848
0.91444,0.96759,4.2285,-0.11982
0.91515,0.97081,4.2318,-0.12116
0.91587,0.97403,4.2351,-0.12249
0.9166,0.97724,4.2384,-0.12381
0.91733,0.98045,4.2416,-0.12512
0.91807,0.98367,4.2449,-0.12642
0.91882,0.98688,4.2482,-0.12771
0.91958,0.99008,4.2515,-0.12899
0.92034,0.99329,4.2548,-0.13027
0.92112,0.99649,4.2581,-0.13153
0.9219,0.99969,4.2614,-0.13279
0.92269,1.0029,4.2647,-0.13403
0.92349,1.0061,4.268,-0.13527
0.9243,1.0093,4.2713,-0.1365
0.92513,1.0125,4.2746,-0.13772
0.92596,1.0157,4.2779,-0.13892
0.9268,1.0189,4.2812,-0.14012
0.92766,1.022,4.2845,-0.14131
0.92852,1.0252,4.2878,-0.14249
0.9294,1.0284,4.2911,-0.14366
0.93029,1.0316,4.2944,-0.14481
0.93119,1.0347,4.2977,-0.14596
0.93211,1.0379,4.301,-0.1471
0.93304,1.0411,4.3043,-0.14822
0.93399,1.0442,4.3076,-0.14934
0.93494,1.0474,4.3109,-0.15045
0.93592,1.0505,4.3142,-0.15154
0.93691,1.0537,4.3174,-0.15262
0.93791,1.0568,4.3207,-0.1537
0.93893,1.0599,4.324,-0.15476
0.93997,1.0631,4.3273,-0.15581
0.94102,1.0662,4.3306,-0.15686
0.94209,1.0693,4.3339,-0.15789
0.94317,1.0724,4.3372,-0.15891
0.94428,1.0755,4.3405,-0.15992
0.9454,1.0786,4.3438,-0.16092
0.94654,1.0817,4.3471,-0.1619
0.9477,1.0848,4.3504,-0.16288
0.94888,1.0879,4.3537,-0.16385
0.95008,1.0909,4.357,-0.1648
0.9513,1.094,4.3603,-0.16575
0.95255,1.0971,4.3636,-0.16668
0.95381,1.1001,4.3669,-0.16761
0.95509,1.1031,4.3702,-0.16852
0.9564,1.1062,4.3735,-0.16942
0.95773,1.1092,4.3768,-0.17031
0.95908,1.1122,4.3801,-0.17119
0.96046,1.1152,4.3834,-0.17206
0.96186,1.1182,4.3867,-0.17292
0.96328,1.1211,4.39,-0.17374
0.96473,1.1241,4.3933,-0.17454
0.96621,1.127,4.3965,-0.17533
0.96771,1.13,4.3998,-0.17611
0.96924,1.1329,4.4031,-0.17688
0.9708,1.1358,4.4064,-0.17763
0.97238,1.1387,4.4097,-0.17837
0.97399,1.1416,4.413,-0.17909
0.97563,1.1444,4.4163,-0.17979
0.9773,1.1473,4.4196,-0.18048
0.979,1.1501,4.4229,-0.18115
0.98074,1.1529,4.4262,-0.18181
0.9825,1.1557,4.4295,-0.18244
0.9843,1.1584,4.4328,-0.18306
0.98612,1.1612,4.4361,-0.18367
0.98799,1.1639,4.4394,-0.18425
0.9899,1.1666,4.4427,-0.18482
0.99183,1.1693,4.446,-0.18537
0.9938,1.1719,4.4493,-0.1859
0.9958,1.1745,4.4526,-0.1864
0.99784,1.1771,4.4559,-0.18688
0.99991,1.1797,4.4592,-0.18735
1.002,1.1822,4.4625,-0.1878
1.0041,1.1847,4.4658,-0.18823
1.0063,1.1872,4.4691,-0.18864
1.0085,1.1897,4.4723,-0.18902
1.0107,1.1921,4.4756,-0.18939
1.013,1.1945,4.4789,-0.18974
1.0153,1.1968,4.4822,-0.19007
1.0176,1.1992,4.4855,-0.19037
1.02,1.2015,4.4888,-0.19066
1.0224,1.2038,4.4921,-0.19093
1.0248,1.206,4.4954,-0.19117
1.0272,1.2082,4.4987,-0.1914
1.0297,1.2104,4.502,-0.1916
1.0322,1.2126,4.5053,-0.19179
1.0347,1.2147,4.5086,-0.19195
1.0373,1.2168,4.5119,-0.19209
1.0398,1.2188,4.5152,-0.19221
1.0425,1.2208,4.5185,-0.19231
1.0451,1.2228,4.5218,-0.19239
1.0478,1.2247,4.5251,-0.19245
1.0504,1.2266,4.5284,-0.19248
1.0532,1.2285,4.5317,-0.1925
1.0559,1.2304,4.535,-0.19249
1.0586,1.2322,4.5383,-0.19246
1.0614,1.2339,4.5416,-0.19241
1.0642,1.2357,4.5449,-0.19234
1.0671,1.2373,4.5482,-0.19224
1.0699,1.239,4.5514,-0.19212
1.0728,1.2406,4.5547,-0.19198
1.0757,1.2422,4.558,-0.19181
1.0786,1.2437,4.5613,-0.19162
1.0815,1.2452,4.5646,-0.1914
1.0845,1.2467,4.5679,-0.19116
1.0874,1.2481,4.5712,-0.19089
1.0904,1.2495,4.5745,-0.1906
1.0934,1.2509,4.5778,-0.19028
1.0965,1.2522,4.5811,-0.18994
1.0995,1.2535,4.5844,-0.18957
1.1026,1.2547,4.5877,-0.18917
1.1056,1.2559,4.591,-0.18874
1.1087,1.2571,4.5943,-0.18829
1.1118,1.2582,4.5976,-0.18781
1.1149,1.2593,4.6009,-0.1873
1.1181,1.2603,4.6042,-0.18677
1.1212,1.2613,4.6075,-0.1862
1.1243,1.2623,4.6108,-0.18561
1.1275,1.2632,4.6141,-0.18498
1.1307,1.2641,4.6174,-0.18433
1.1339,1.2649,4.6207,-0.18365
1.1371,1.2657,4.624,-0.18293
1.1403,1.2664,4.6272,-0.18219
1.1435,1.2672,4.6305,-0.18142
1.1467,1.2678,4.6338,-0.18061
1.15,1.2685,4.6371,-0.17977
1.1532,1.269,4.6404,-0.1789
1.1565,1.2696,4.6437,-0.178
1.1597,1.2701,4.647,-0.17707
1.163,1.2706,4.6503,-0.17611
1.1662,1.271,4.6536,-0.17511
1.1695,1.2714,4.6569,-0.17408
1.1728,1.2717,4.6602,-0.17301
1.1761,1.272,4.6635,-0.17191
1.1794,1.2722,4.6668,-0.17078
1.1827,1.2724,4.6701,-0.16961
1.1859,1.2726,4.6734,-0.16841
1.1892,1.2727,4.6767,-0.16718
1.1925,1.2728,4.68,-0.16591
1.1958,1.2728,4.6833,-0.1646
1.1991,1.2728,4.6866,-0.16326
1.2024,1.2728,4.6899,-0.16188
1.2057,1.2727,4.6932,-0.16046
1.209,1.2726,4.6965,-0.15902
1.2123,1.2724,4.6998,-0.15757
1.2156,1.2722,4.7031,-0.15615
1.2189,1.2719,4.7063,-0.15474
1.2222,1.2716,4.7096,-0.15335
1.2254,1.2713,4.7129,-0.15197
1.2287,1.2709,4.7162,-0.15061
1.232,1.2705,4.7195,-0.14926
1.2352,1.2701,4.7228,-0.14792
1.2385,1.2696,4.7261,-0.1466
1.2418,1.269,4.7294,-0.14529
1.245,1.2684,4.7327,-0.14399
1.2482,1.2678,4.736,-0.14271
1.2515,1.2672,4.7393,-0.14143
1.2547,1.2665,4.7426,-0.14017
1.2579,1.2657,4.7459,-0.13891
1.2611,1.265,4.7492,-0.13767
1.2643,1.2642,4.7525,-0.13643
1.2675,1.2633,4.7558,-0.13521
1.2707,1.2624,4.7591,-0.13399
1.2738,1.2615,4.7624,-0.13278
1.277,1.2605,4.7657,-0.13158
1.2801,1.2596,4.769,-0.13039
1.2832,1.2585,4.7723,-0.1292
1.2864,1.2575,4.7756,-0.12802
1.2895,1.2564,4.7789,-0.12685
1.2926,1.2552,4.7821,-0.12568
1.2956,1.2541,4.7854,-0.12451
1.2987,1.2528,4.7887,-0.12336
1.3018,1.2516,4.792,-0.12221
1.3048,1.2503,4.7953,-0.12106
1.3078,1.249,4.7986,-0.11991
1.3109,1.2477,4.8019,-0.11877
1.3138,1.2463,4.8052,-0.11764
1.3168,1.2449,4.8085,-0.11651
1.3198,1.2435,4.8118,-0.11538
1.3227,1.242,4.8151,-0.11425
1.3257,1.2405,4.8184,-0.11313
1.3286,1.239,4.8217,-0.11201
1.3315,1.2374,4.825,-0.11089
1.3344,1.2358,4.8283,-0.10977
1.3373,1.2342,4.8316,-0.10866
1.3401,1.2326,4.8349,-0.10754
1.343,1.2309,4.8382,-0.10643
1.3458,1.2292,4.8415,-0.10532
1.3486,1.2274,4.8448,-0.10421
1.3514,1.2257,4.8481,-0.10311
1.3541,1.2239,4.8514,-0.102
1.3569,1.2221,4.8547,-0.1009
1.3596,1.2202,4.858,-0.099784
1.3623,1.2183,4.8612,-0.098668
1.365,1.2164,4.8645,-0.097559
1.3677,1.2145,4.8678,-0.096455
1.3703,1.2125,4.8711,-0.095357
1.3729,1.2105,4.8744,-0.094265
1.3755,1.2085,4.8777,-0.093176
1.3781,1.2065,4.881,-0.092092
1.3807,1.2044,4.8843,-0.091011
1.3832,1.2023,4.8876,-0.089932
1.3858,1.2002,4.8909,-0.088855
1.3883,1.1981,4.8942,-0.087779
1.3908,1.1959,4.8975,-0.086705
1.3932,1.1937,4.9008,-0.08563
1.3957,1.1915,4.9041,-0.084555
1.3981,1.1893,4.9074,-0.08348
1.4005,1.187,4.9107,-0.082403
1.4028,1.1847,4.914,-0.081324
1.4052,1.1824,4.9173,-0.080243
1.4075,1.1801,4.9206,-0.079159
1.4098,1.1777,4.9239,-0.078072
1.4121,1.1753,4.9272,-0.076981
1.4144,1.1729,4.9305,-0.075886
1.4166,1.1705,4.9338,-0.074787
1.4188,1.168,4.9371,-0.073682
1.421,1.1656,4.9403,-0.072572
1.4231,1.1631,4.9436,-0.071456
1.4253,1.1606,4.9469,-0.070334
1.4274,1.158,4.9502,-0.069205
1.4294,1.1555,4.9535,-0.06807
1.4315,1.1529,4.9568,-0.066927
1.4335,1.1503,4.9601,-0.065776
1.4355,1.1477,4.9634,-0.064617
1.4375,1.1451,4.9667,-0.06345
1.4395,1.1424,4.97,-0.062274
1.4414,1.1398,4.9733,-0.06109
1.4434,1.1371,4.9766,-0.059905
1.4453,1.1344,4.9799,-0.058708
1.4472,1.1317,4.9832,-0.057485
1.449,1.129,4.9865,-0.056243
1.4509,1.1262,4.9898,-0.05499
1.4527,1.1235,4.9931,-0.05373
1.4545,1.1207,4.9964,-0.052461
1.4563,1.118,4.9997,-0.051181
1.458,1.1152,5.003,-0.049894
1.4598,1.1124,5.0063,-0.048602
1.4615,1.1096,5.0096,-0.047298
1.4632,1.1067,5.0129,-0.045977
1.4649,1.1039,5.0161,-0.044644
1.4666,1.1011,5.0194,-0.0433
1.4682,1.0982,5.0227,-0.041944
1.4698,1.0954,5.026,-0.040576
1.4715,1.0925,5.0293,-0.039196
1.4731,1.0896,5.0326,-0.037803
1.4747,1.0867,5.0359,-0.036397
1.4762,1.0838,5.0392,-0.034978
1.4778,1.0809,5.0425,-0.033545
1.4793,1.078,5.0458,-0.032098
1.4808,1.0751,5.0491,-0.030636
1.4823,1.0721,5.0524,-0.029159
1.4838,1.0692,5.0557,-0.027667
1.4853,1.0663,5.059,-0.026159
1.4868,1.0633,5.0623,-0.024635
1.4882,1.0603,5.0656,-0.023095
1.4897,1.0574,5.0689,-0.021538
1.4911,1.0544,5.0722,-0.019964
1.4925,1.0514,5.0755,-0.018372
1.4939,1.0484,5.0788,-0.016763
1.4953,1.0454,5.0821,-0.015135
1.4966,1.0424,5.0854,-0.013488
1.498,1.0394,5.0887,-0.011823
1.4993,1.0364,5.092,-0.010138
1.5007,1.0334,5.0952,-0.0084333
1.502,1.0304,5.0985,-0.0067085
1.5033,1.0274,5.1018,-0.0049632
1.5046,1.0243,5.1051,-0.0031969
1.5058,1.0213,5.1084,-0.0014093
1.5071,1.0183,5.1117,0.00040003
1.5084,1.0152,5.115,0.0022314
1.5096,1.0122,5.1183,0.0040853
1.5109,1.0091,5.1216,0.0059621
1.5121,1.0061,5.1249,0.0078622
1.5133,1.003,5.1282,0.009786
1.5145,0.99992,5.1315,0.011734
1.5157,0.99685,5.1348,0.013706
1.5169,0.99377,5.1381,0.015703
1.5181,0.9907,5.1414,0.017726
1.5192,0.98761,5.1447,0.019774
1.5204,0.98453,5.148,0.021849
1.5215,0.98144,5.1513,0.02395
1.5227,0.97835,5.1546,0.026078
1.5238,0.97525,5.1579,0.028234
1.5249,0.97215,5.1612,0.030417
1.5261,0.96905,5.1645,0.032628
1.5272,0.96595,5.1678,0.034869
1.5283,0.96284,5.171,0.037116
1.5294,0.95973,5.1743,0.039337
1.5304,0.95662,5.1776,0.041533
1.5315,0.9535,5.1809,0.043703
1.5326,0.95039,5.1842,0.045849
1.5336,0.94727,5.1875,0.04797
1.5347,0.94414,5.1908,0.050067
1.5358,0.94102,5.1941,0.052139
1.5368,0.93789,5.1974,0.054187
1.5378,0.93476,5.2007,0.056212
1.5389,0.93163,5.204,0.058212
1.5399,0.9285,5.2073,0.060189
1.5409,0.92537,5.2106,0.062143
1.5419,0.92223,5.2139,0.064074
1.5429,0.91909,5.2172,0.065981
1.5439,0.91595,5.2205,0.067865
1.5449,0.91281,5.2238,0.069727
1.5459,0.90967,5.2271,0.071566
1.5469,0.90652,5.2304,0.073383
1.5479,0.90338,5.2337,0.075177
1.5489,0.90023,5.237,0.076948
1.5498,0.89708,5.2403,0.078698
1.5508,0.89393,5.2436,0.080425
1.5518,0.89078,5.2469,0.082131
1.5527,0.88763,5.2501,0.083814
1.5537,0.88448,5.2534,0.085476
1.5547,0.88133,5.2567,0.087116
1.5556,0.87817,5.26,0.088735
1.5566,0.87502,5.2633,0.090331
1.5575,0.87186,5.2666,0.091907
1.5585,0.8687,5.2699,0.093461
1.5594,0.86554,5.2732,0.094993
1.5603,0.86238,5.2765,0.096505
1.5613,0.85923,5.2798,0.097995
1.5622,0.85607,5.2831,0.099464
1.5632,0.85291,5.2864,0.10091
1.5641,0.84975,5.2897,0.10234
1.565,0.84658,5.293,0.10374
1.566,0.84342,5.2963,0.10513
1.5669,0.84026,5.2996,0.10649
1.5678,0.8371,5.3029,0.10784
1.5687,0.83394,5.3062,0.10916
1.5697,0.83077,5.3095,0.11046
1.5706,0.82761,5.3128,0.11174
1.5715,0.82445,5.3161,0.113
1.5725,0.82129,5.3194,0.11424
1.5734,0.81812,5.3227,0.11546
1.5743,0.81496,5.326,0.11666
1.5752,0.8118,5.3292,0.11783
1.5762,0.80864,5.3325,0.11899
1.5771,0.80548,5.3358,0.12013
1.578,0.80232,5.3391,0.12124
1.579,0.79916,5.3424,0.12234
1.5799,0.796,5.3457,0.12342
1.5808,0.79284,5.349,0.12447
1.5818,0.78968,5.3523,0.1255
1.5827,0.78652,5.3556,0.12652
1.5837,0.78336,5.3589,0.12751
1.5846,0.7802,5.3622,0.12849
1.5856,0.77705,5.3655,0.12944
1.5865,0.77389,5.3688,0.13037
1.5875,0.77074,5.3721,0.13127
1.5884,0.76758,5.3754,0.13214
1.5894,0.76443,5.3787,0.13298
1.5904,0.76128,5.382,0.1338
1.5913,0.75813,5.3853,0.1346
1.5923,0.75498,5.3886,0.13536
1.5933,0.75183,5.3919,0.1361
1.5943,0.74869,5.3952,0.13682
1.5952,0.74554,5.3985,0.1375
1.5962,0.7424,5.4018,0.13816
1.5972,0.73926,5.405,0.13879
1.5982,0.73612,5.4083,0.13939
1.5992,0.73298,5.4116,0.13996
1.6003,0.72985,5.4149,0.1405
1.6013,0.72671,5.4182,0.14101
1.6023,0.72358,5.4215,0.14149
1.6033,0.72045,5.4248,0.14194
1.6044,0.71732,5.4281,0.14236
1.6054,0.7142,5.4314,0.14274
1.6065,0.71108,5.4347,0.1431
1.6075,0.70796,5.438,0.14342
1.6086,0.70484,5.4413,0.1437
1.6097,0.70172,5.4446,0.14396
1.6108,0.69861,5.4479,0.14418
1.6119,0.6955,5.4512,0.14436
1.613,0.6924,5.4545,0.14451
1.6141,0.68929,5.4578,0.14462
1.6152,0.6862,5.4611,0.14469
1.6163,0.6831,5.4644,0.14473
1.6175,0.68001,5.4677,0.14473
1.6186,0.67692,5.471,0.14469
1.6198,0.67384,5.4743,0.14461
1.621,0.67075,5.4776,0.1445
1.6221,0.66768,5.4809,0.14434
1.6233,0.66461,5.4841,0.14414
1.6245,0.66154,5.4874,0.14389
1.6258,0.65848,5.4907,0.14361
1.627,0.65542,5.494,0.14328
1.6282,0.65237,5.4973,0.1429
1.6295,0.64932,5.5006,0.14248
1.6308,0.64628,5.5039,0.14202
1.632,0.64324,5.5072,0.14151
1.6333,0.64022,5.5105,0.14094
1.6347,0.6372,5.5138,0.14033
1.636,0.63418,5.5171,0.13967
1.6373,0.63117,5.5204,0.13895
1.6387,0.62817,5.5237,0.13818
1.6401,0.62517,5.527,0.13735
1.6415,0.62218,5.5303,0.13646
1.6429,0.6192,5.5336,0.13552
1.6443,0.61622,5.5369,0.13452
1.6457,0.61325,5.5402,0.13346
1.6471,0.61029,5.5435,0.13238
1.6486,0.60734,5.5468,0.13129
1.6501,0.60439,5.5501,0.13021
1.6516,0.60145,5.5534,0.12912
1.6531,0.59852,5.5567,0.12803
1.6546,0.59559,5.5599,0.12694
1.6561,0.59268,5.5632,0.12584
1.6577,0.58977,5.5665,0.12473
1.6593,0.58687,5.5698,0.12362
1.6608,0.58398,5.5731,0.12251
1.6624,0.58109,5.5764,0.1214
1.664,0.57822,5.5797,0.12028
1.6657,0.57535,5.583,0.11916
1.6673,0.57249,5.5863,0.11803
1.669,0.56965,5.5896,0.1169
1.6706,0.56681,5.5929,0.11577
1.6723,0.56397,5.5962,0.11464
1.674,0.56115,5.5995,0.1135
1.6757,0.55834,5.6028,0.11236
1.6775,0.55554,5.6061,0.11121
1.6792,0.55274,5.6094,0.11007
1.681,0.54996,5.6127,0.10892
1.6828,0.54718,5.616,0.10777
1.6846,0.54442,5.6193,0.10661
1.6864,0.54166,5.6226,0.10546
1.6882,0.53892,5.6259,0.1043
1.69,0.53618,5.6292,0.10314
1.6919,0.53346,5.6325,0.10198
1.6938,0.53074,5.6358,0.10082
1.6956,0.52804,5.639,0.099656
1.6975,0.52534,5.6423,0.098492
1.6994,0.52266,5.6456,0.097328
1.7014,0.51999,5.6489,0.096164
1.7033,0.51733,5.6522,0.094999
1.7053,0.51468,5.6555,0.093835
1.7073,0.51204,5.6588,0.092671
1.7092,0.50941,5.6621,0.091509
1.7112,0.50679,5.6654,0.090347
1.7133,0.50418,5.6687,0.089187
1.7153,0.50159,5.672,0.088029
1.7173,0.49901,5.6753,0.086873
1.7194,0.49643,5.6786,0.08572
1.7215,0.49387,5.6819,0.08457
1.7236,0.49133,5.6852,0.083423
1.7257,0.48879,5.6885,0.08228
1.7278,0.48626,5.6918,0.081141
1.7299,0.48375,5.6951,0.080007
1.7321,0.48125,5.6984,0.078878
1.7342,0.47876,5.7017,0.077755
1.7364,0.47628,5.705,0.076638
1.7386,0.47382,5.7083,0.075528
1.7408,0.47137,5.7116,0.074424
1.743,0.46893,5.7149,0.073328
1.7452,0.4665,5.7181,0.07224
1.7475,0.46409,5.7214,0.071161
1.7497,0.46169,5.7247,0.070091
1.752,0.4593,5.728,0.069031
1.7543,0.45692,5.7313,0.067981
1.7566,0.45456,5.7346,0.066942
1.7589,0.45221,5.7379,0.065914
1.7612,0.44987,5.7412,0.064899
1.7636,0.44755,5.7445,0.0639
1.7659,0.44523,5.7478,0.062922
1.7683,0.44294,5.7511,0.061965
1.7706,0.44065,5.7544,0.061029
1.773,0.43838,5.7577,0.060115
1.7754,0.43612,5.761,0.059221
1.7779,0.43388,5.7643,0.058349
1.7803,0.43165,5.7676,0.057499
1.7827,0.42943,5.7709,0.05667
1.7852,0.42723,5.7742,0.055863
1.7876,0.42504,5.7775,0.055078
1.7901,0.42287,5.7808,0.054315
1.7926,0.42071,5.7841,0.053575
1.7951,0.41856,5.7874,0.052857
1.7976,0.41643,5.7907,0.052162
1.8001,0.41431,5.7939,0.05149
1.8027,0.41221,5.7972,0.050841
1.8052,0.41012,5.8005,0.050216
1.8078,0.40804,5.8038,0.049613
1.8104,0.40598,5.8071,0.049035
1.8129,0.40393,5.8104,0.04848
1.8155,0.4019,5.8137,0.047949
1.8181,0.39989,5.817,0.047442
1.8208,0.39789,5.8203,0.046959
1.8234,0.3959,5.8236,0.046501
1.826,0.39393,5.8269,0.046068
1.8287,0.39197,5.8302,0.045659
1.8313,0.39003,5.8335,0.045276
1.834,0.38811,5.8368,0.044917
1.8367,0.3862,5.8401,0.044584
1.8394,0.3843,5.8434,0.044277
1.8421,0.38242,5.8467,0.043995
1.8448,0.38056,5.85,0.043739
1.8476,0.37871,5.8533,0.043509
1.8503,0.37688,5.8566,0.043305
1.8531,0.37506,5.8599,0.043127
1.8558,0.37326,5.8632,0.042976
1.8586,0.37148,5.8665,0.042851
1.8614,0.36971,5.8698,0.042753
1.8642,0.36796,5.873,0.042682
1.867,0.36623,5.8763,0.042639
1.8698,0.36451,5.8796,0.04262
1.8726,0.36281,5.8829,0.042627
1.8754,0.36112,5.8862,0.042661
1.8783,0.35945,5.8895,0.042724
1.8811,0.3578,5.8928,0.042816
1.884,0.35616,5.8961,0.042937
1.8868,0.35454,5.8994,0.043087
1.8897,0.35294,5.9027,0.043267
1.8926,0.35135,5.906,0.043475
1.8955,0.34978,5.9093,0.043713
1.8984,0.34823,5.9126,0.043981
1.9013,0.34669,5.9159,0.044279
1.9043,0.34518,5.9192,0.044604
1.9072,0.34368,5.9225,0.044959
1.9101,0.34219,5.9258,0.045343
1.9131,0.34073,5.9291,0.045757
1.9161,0.33928,5.9324,0.046202
1.919,0.33785,5.9357,0.046677
1.922,0.33643,5.939,0.047181
1.925,0.33504,5.9423,0.047717
1.928,0.33366,5.9456,0.048282
1.931,0.3323,5.9488,0.048878
1.934,0.33096,5.9521,0.049504
1.937,0.32964,5.9554,0.050161
1.94,0.32833,5.9587,0.050849
1.9431,0.32705,5.962,0.051568
1.9461,0.32578,5.9653,0.052317
1.9492,0.32453,5.9686,0.053097
1.9522,0.32329,5.9719,0.053908
1.9553,0.32208,5.9752,0.05475
1.9584,0.32089,5.9785,0.055624
1.9614,0.31971,5.9818,0.056529
1.9645,0.31856,5.9851,0.057465
1.9676,0.31742,5.9884,0.058433
1.9707,0.3163,5.9917,0.059432
1.9738,0.3152,5.995,0.060463
1.9769,0.31412,5.9983,0.061526
1.9801,0.31306,6.0016,0.062621
1.9832,0.31202,6.0049,0.063748
1.9863,0.31099,6.0082,0.064907
1.9895,0.30999,6.0115,0.066098
1.9926,0.30901,6.0148,0.067307
1.9958,0.30804,6.0181,0.068494
1.9989,0.3071,6.0214,0.069658
2.0021,0.30618,6.0247,0.070801
2.0052,0.30527,6.0279,0.071922
2.0084,0.30439,6.0312,0.073024
2.0116,0.30353,6.0345,0.074107
2.0148,0.30268,6.0378,0.075171
2.018,0.30186,6.0411,0.076217
2.0212,0.30106,6.0444,0.077245
2.0244,0.30028,6.0477,0.078257
2.0276,0.29952,6.051,0.079254
2.0308,0.29878,6.0543,0.080235
2.034,0.29806,6.0576,0.081201
2.0372,0.29736,6.0609,0.082153
2.0405,0.29668,6.0642,0.083092
2.0437,0.29602,6.0675,0.084018
2.0469,0.29539,6.0708,0.084932
2.0502,0.29477,6.0741,0.085834
2.0534,0.29418,6.0774,0.086725
2.0566,0.29361,6.0807,0.087606
2.0599,0.29306,6.084,0.088476
2.0631,0.29253,6.0873,0.089336
2.0664,0.29203,6.0906,0.090188
2.0697,0.29154,6.0939,0.091031
2.0729,0.29108,6.0972,0.091866
2.0762,0.29064,6.1005,0.092693
2.0795,0.29022,6.1038,0.093513
2.0827,0.28982,6.107,0.094327
2.086,0.28945,6.1103,0.095134
2.0893,0.2891,6.1136,0.095935
2.0926,0.28877,6.1169,0.096731
2.0958,0.28846,6.1202,0.097523
2.0991,0.28818,6.1235,0.09831
2.1024,0.28792,6.1268,0.099092
2.1057,0.28768,6.1301,0.099872
2.109,0.28746,6.1334,0.10065
2.1123,0.28727,6.1367,0.10142
2.1156,0.2871,6.14,0.10219
2.1189,0.28696,6.1433,0.10296
2.1222,0.28683,6.1466,0.10373
2.1255,0.28673,6.1499,0.10449
2.1287,0.28666,6.1532,0.10526
2.132,0.28661,6.1565,0.10602
2.1353,0.28658,6.1598,0.10679
2.1386,0.28657,6.1631,0.10755
2.1419,0.28659,6.1664,0.10832
2.1452,0.28664,6.1697,0.10909
2.1485,0.2867,6.173,0.10986
2.1518,0.2868,6.1763,0.11063
2.1551,0.28691,6.1796,0.1114
2.1584,0.28705,6.1828,0.11217
2.1617,0.28722,6.1861,0.11295
2.165,0.28741,6.1894,0.11373
2.1683,0.28762,6.1927,0.11452
2.1716,0.28786,6.196,0.11531
2.1748,0.28812,6.1993,0.1161
2.1781,0.28841,6.2026,0.1169
2.1814,0.28872,6.2059,0.1177
2.1847,0.28906,6.2092,0.11851
2.188,0.28943,6.2125,0.11932
2.1912,0.28981,6.2158,0.12014
2.1945,0.29023,6.2191,0.12097
2.1978,0.29067,6.2224,0.1218
2.201,0.29113,6.2257,0.12264
2.2043,0.29162,6.229,0.12349
2.2075,0.29214,6.2323,0.12435
2.2108,0.29268,6.2356,0.12521
2.214,0.29325,6.2389,0.12608
2.2173,0.29385,6.2422,0.12696
2.2205,0.29447,6.2455,0.12785
2.2238,0.29511,6.2488,0.12875
2.227,0.29579,6.2521,0.12966
2.2302,0.29648,6.2554,0.13058
2.2334,0.29721,6.2587,0.13152
2.2366,0.29796,6.2619,0.13245
2.2398,0.29874,6.2652,0.13339
2.243,0.29955,6.2685,0.13432
2.2462,0.30038,6.2718,0.13525
2.2494,0.30124,6.2751,0.13618
2.2526,0.30212,6.2784,0.13711
2.2557,0.30303,6.2817,0.13804
2.2589,0.30397,6.285,0.13896
2.262,0.30494,6.2883,0.13989
2.2652,0.30593,6.2916,0.14081
2.2683,0.30695,6.2949,0.14173
2.2714,0.308,6.2982,0.14265
2.2746,0.30908,6.3015,0.14356
2.2777,0.31018,6.3048,0.14448
2.2808,0.31131,6.3081,0.14539
2.2839,0.31247,6.3114,0.14629
2.2869,0.31366,6.3147,0.14719
2.29,0.31487,6.318,0.14809
2.293,0.31611,6.3213,0.14899
2.2961,0.31738,6.3246,0.14988
2.2991,0.31868,6.3279,0.15077
2.3021,0.32,6.3312,0.15165
2.3051,0.32136,6.3345,0.15253
2.3081,0.32274,6.3377,0.1534
2.3111,0.32415,6.341,0.15427
2.3141,0.32559,6.3443,0.15513
2.317,0.32705,6.3476,0.15599
2.32,0.32855,6.3509,0.15684
2.3229,0.33007,6.3542,0.15769
2.3258,0.33162,6.3575,0.15853
2.3287,0.3332,6.3608,0.15937
2.3316,0.33481,6.3641,0.1602
2.3344,0.33644,6.3674,0.16103
2.3373,0.33811,6.3707,0.16185
2.3401,0.3398,6.374,0.16266
2.3429,0.34152,6.3773,0.16347
2.3457,0.34327,6.3806,0.16428
2.3485,0.34505,6.3839,0.16508
2.3512,0.34685,6.3872,0.16587
2.354,0.34869,6.3905,0.16666
2.3567,0.35055,6.3938,0.16744
2.3594,0.35244,6.3971,0.16822
2.3621,0.35437,6.4004,0.16899
2.3647,0.35631,6.4037,0.16975
2.3674,0.35829,6.407,0.17051
2.37,0.3603,6.4103,0.17127
2.3726,0.36233,6.4136,0.17202
2.3751,0.3644,6.4168,0.17276
2.3777,0.36649,6.4201,0.1735
2.3802,0.36861,6.4234,0.17424
2.3827,0.37076,6.4267,0.17497
2.3852,0.37293,6.43,0.17568
2.3876,0.37514,6.4333,0.17638
2.3901,0.37737,6.4366,0.17706
2.3925,0.37963,6.4399,0.17774
2.3948,0.38191,6.4432,0.17841
2.3972,0.38423,6.4465,0.17906
2.3995,0.38657,6.4498,0.17971
2.4018,0.38894,6.4531,0.18035
2.4041,0.39133,6.4564,0.18097
2.4063,0.39375,6.4597,0.18158
2.4085,0.3962,6.463,0.18218
2.4107,0.39868,6.4663,0.18277
2.4128,0.40118,6.4696,0.18334
2.4149,0.40371,6.4729,0.18389
2.417,0.40626,6.4762,0.18441
2.4191,0.40884,6.4795,0.18492
2.4211,0.41145,6.4828,0.18542
2.4231,0.41408,6.4861,0.1859
2.425,0.41674,6.4894,0.18636
2.4269,0.41942,6.4926,0.18681
2.4288,0.42213,6.4959,0.18724
2.4307,0.42486,6.4992,0.18765
2.4325,0.42761,6.5025,0.18805
2.4342,0.43039,6.5058,0.18843
2.436,0.4332,6.5091,0.18879
2.4377,0.43602,6.5124,0.18914
2.4393,0.43887,6.5157,0.18947
2.4409,0.44174,6.519,0.18979
2.4425,0.44464,6.5223,0.19008
2.444,0.44756,6.5256,0.19036
2.4455,0.45049,6.5289,0.19063
2.447,0.45345,6.5322,0.19087
2.4484,0.45643,6.5355,0.1911
2.4498,0.45942,6.5388,0.19131
2.4511,0.46243,6.5421,0.19151
2.4524,0.46546,6.5454,0.19169
2.4537,0.46851,6.5487,0.19185
2.4549,0.47157,6.552,0.19199
2.4561,0.47465,6.5553,0.19212
2.4572,0.47775,6.5586,0.19222
2.4583,0.48085,6.5619,0.19232
2.4594,0.48397,6.5652,0.19239
2.4604,0.4871,6.5685,0.19244
2.4614,0.49025,6.5717,0.19248
2.4623,0.49341,6.575,0.1925
2.4632,0.49658,6.5783,0.1925
2.4641,0.49975,6.5816,0.19248
2.4649,0.50294,6.5849,0.19244
2.4657,0.50614,6.5882,0.19238
2.4665,0.50935,6.5915,0.1923
2.4672,0.51257,6.5948,0.19219
2.4679,0.51579,6.5981,0.19206
2.4685,0.51902,6.6014,0.19191
2.4691,0.52226,6.6047,0.19172
2.4697,0.52551,6.608,0.19151
2.4703,0.52876,6.6113,0.19126
2.4708,0.53202,6.6146,0.19099
2.4712,0.53528,6.6179,0.19068
2.4716,0.53855,6.6212,0.19034
2.472,0.54182,6.6245,0.18996
2.4724,0.5451,6.6278,0.18954
2.4727,0.54838,6.6311,0.18909
2.473,0.55166,6.6344,0.1886
2.4732,0.55494,6.6377,0.18807
2.4735,0.55823,6.641,0.18749
2.4736,0.56152,6.6443,0.18687
2.4738,0.56482,6.6475,0.18621
2.4739,0.56811,6.6508,0.1855
2.474,0.5714,6.6541,0.18474
2.474,0.5747,6.6574,0.18393
2.4741,0.578,6.6607,0.18307
2.474,0.58129,6.664,0.18216
2.474,0.58459,6.6673,0.1812
2.4739,0.58788,6.6706,0.18018
2.4738,0.59118,6.6739,0.1791
2.4737,0.59447,6.6772,0.17797
2.4735,0.59776,6.6805,0.17677
2.4733,0.60105,6.6838,0.17552
2.4731,0.60434,6.6871,0.1742
2.4728,0.60762,6.6904,0.17281
2.4725,0.6109,6.6937,0.17136
2.4722,0.61419,6.697,0.16985
2.4718,0.61746,6.7003,0.16826
2.4715,0.62074,6.7036,0.1666
2.4711,0.62401,6.7069,0.16487
2.4706,0.62728,6.7102,0.16307
2.4702,0.63054,6.7135,0.16119
2.4697,0.6338,6.7168,0.15924
2.4692,0.63706,6.7201,0.1572
2.4687,0.64031,6.7234,0.15509
2.4681,0.64356,6.7266,0.15289
2.4675,0.64681,6.7299,0.15061
2.4669,0.65005,6.7332,0.14825
2.4663,0.65328,6.7365,0.1458
2.4657,0.65652,6.7398,0.14326
2.465,0.65974,6.7431,0.14063
2.4643,0.66297,6.7464,0.1379
2.4636,0.66619,6.7497,0.13509
2.4629,0.6694,6.753,0.13218
2.4621,0.67261,6.7563,0.12918
2.4614,0.67581,6.7596,0.12617
2.4606,0.67901,6.7629,0.12319
2.4598,0.68221,6.7662,0.12021
2.4589,0.6854,6.7695,0.11725
2.4581,0.68859,6.7728,0.1143
2.4572,0.69177,6.7761,0.11137
2.4564,0.69494,6.7794,0.10844
2.4555,0.69811,6.7827,0.10552
2.4546,0.70128,6.786,0.10261
2.4536,0.70444,6.7893,0.099699
2.4527,0.7076,6.7926,0.096797
2.4517,0.71075,6.7959,0.0939
2.4507,0.7139,6.7992,0.091006
2.4498,0.71705,6.8025,0.088114
2.4488,0.72018,6.8057,0.085224
2.4477,0.72332,6.809,0.082335
2.4467,0.72645,6.8123,0.079447
2.4457,0.72957,6.8156,0.076558
2.4446,0.7327,6.8189,0.073667
2.4435,0.73581,6.8222,0.070775
2.4424,0.73892,6.8255,0.067881
2.4413,0.74203,6.8288,0.064985
2.4402,0.74514,6.8321,0.062085
2.4391,0.74824,6.8354,0.059181
2.438,0.75133,6.8387,0.056274
2.4369,0.75443,6.842,0.053361
2.4357,0.75751,6.8453,0.050444
2.4345,0.7606,6.8486,0.047522
2.4334,0.76368,6.8519,0.044594
2.4322,0.76676,6.8552,0.041661
2.431,0.76983,6.8585,0.038721
2.4298,0.7729,6.8618,0.035775
2.4286,0.77597,6.8651,0.032822
2.4274,0.77903,6.8684,0.029862
2.4262,0.7821,6.8717,0.026895
2.4249,0.78515,6.875,0.02392
2.4237,0.78821,6.8783,0.020938
2.4225,0.79126,6.8815,0.017948
2.4212,0.79431,6.8848,0.01495
2.4199,0.79736,6.8881,0.011944
2.4187,0.8004,6.8914,0.0089297
2.4174,0.80344,6.8947,0.0059066
2.4161,0.80648,6.898,0.002875
2.4149,0.80952,6.9013,-0.00016556
2.4136,0.81256,6.9046,-0.0032154
2.4123,0.81559,6.9079,-0.0062745
2.411,0.81862,6.9112,-0.0093426
2.4097,0.82165,6.9145,-0.01242
2.4084,0.82468,6.9178,-0.015508
2.4071,0.82771,6.9211,-0.018605
2.4058,0.83073,6.9244,-0.021713
2.4045,0.83376,6.9277,-0.024819
2.4032,0.83678,6.931,-0.027899
2.4019,0.8398,6.9343,-0.030948
2.4005,0.84283,6.9376,-0.033967
2.3992,0.84585,6.9409,-0.036955
2.3979,0.84887,6.9442,-0.039914
2.3966,0.85189,6.9475,-0.042843
2.3953,0.85491,6.9508,-0.045742
2.3939,0.85793,6.9541,-0.048611
2.3926,0.86094,6.9574,-0.051451
2.3913,0.86396,6.9606,-0.054262
2.39,0.86698,6.9639,-0.057044
2.3887,0.87,6.9672,-0.059796
2.3873,0.87302,6.9705,-0.06252
2.386,0.87604,6.9738,-0.065215
2.3847,0.87906,6.9771,-0.067881
2.3834,0.88209,6.9804,-0.070519
2.3821,0.88511,6.9837,-0.073128
2.3808,0.88813,6.987,-0.07571
2.3795,0.89116,6.9903,-0.078263
2.3782,0.89418,6.9936,-0.080789
2.3768,0.89721,6.9969,-0.083288
2.3755,0.90024,7.0002,-0.085759
2.3743,0.90327,7.0035,-0.088204
2.373,0.9063,7.0068,-0.090622
2.3717,0.90934,7.0101,-0.093013
2.3704,0.91237,7.0134,-0.095378
2.3691,0.91541,7.0167,-0.097717
2.3678,0.91845,7.02,-0.10003
2.3666,0.92149,7.0233,-0.10232
2.3653,0.92454,7.0266,-0.10458
2.3641,0.92759,7.0299,-0.10682
2.3628,0.93064,7.0332,-0.10903
2.3616,0.93369,7.0364,-0.11121
2.3603,0.93674,7.0397,-0.11335
2.3591,0.9398,7.043,-0.11546
2.3579,0.94286,7.0463,-0.11754
2.3567,0.94593,7.0496,-0.11958
2.3555,0.949,7.0529,-0.12159
2.3543,0.95207,7.0562,-0.12356
2.3531,0.95514,7.0595,-0.1255
2.3519,0.95822,7.0628,-0.12741
2.3507,0.9613,7.0661,-0.12928
2.3496,0.96439,7.0694,-0.13113
2.3484,0.96748,7.0727,-0.13294
2.3473,0.97057,7.076,-0.13472
2.3462,0.97367,7.0793,-0.13647
2.345,0.97677,7.0826,-0.13818
2.3439,0.97987,7.0859,-0.13987
2.3428,0.98298,7.0892,-0.14153
2.3418,0.98609,7.0925,-0.14316
2.3407,0.98921,7.0958,-0.14475
2.3396,0.99233,7.0991,-0.14632
2.3386,0.99546,7.1024,-0.14787
2.3376,0.99858,7.1057,-0.14938
2.3365,1.0017,7.109,-0.15086
2.3355,1.0049,7.1123,-0.15232
2.3345,1.008,7.1155,-0.15375
2.3336,1.0111,7.1188,-0.15515
2.3326,1.0143,7.1221,-0.15653
2.3316,1.0175,7.1254,-0.15788
2.3307,1.0206,7.1287,-0.1592
2.3298,1.0238,7.132,-0.1605
2.3289,1.027,7.1353,-0.16177
2.328,1.0301,7.1386,-0.16302
2.3271,1.0333,7.1419,-0.16424
2.3263,1.0365,7.1452,-0.16543
2.3255,1.0397,7.1485,-0.1666
2.3246,1.0429,7.1518,-0.16774
2.3238,1.0461,7.1551,-0.16886
2.3231,1.0493,7.1584,-0.16996
2.3223,1.0525,7.1617,-0.17103
2.3216,1.0557,7.165,-0.17208
2.3208,1.0589,7.1683,-0.1731
2.3201,1.0621,7.1716,-0.17409
2.3194,1.0653,7.1749,-0.17507
2.3188,1.0686,7.1782,-0.17601
2.3181,1.0718,7.1815,-0.17694
2.3175,1.075,7.1848,-0.17784
2.3169,1.0783,7.1881,-0.17871
2.3163,1.0815,7.1914,-0.17956
2.3158,1.0848,7.1946,-0.18039
2.3152,1.088,7.1979,-0.18119
2.3147,1.0913,7.2012,-0.18196
2.3142,1.0945,7.2045,-0.18271
2.3138,1.0978,7.2078,-0.18344
2.3133,1.1011,7.2111,-0.18414
2.3129,1.1043,7.2144,-0.18481
2.3125,1.1076,7.2177,-0.18546
2.3122,1.1109,7.221,-0.18608
2.3118,1.1142,7.2243,-0.18667
2.3115,1.1175,7.2276,-0.18724
2.3112,1.1207,7.2309,-0.18778
2.311,1.124,7.2342,-0.1883
2.3107,1.1273,7.2375,-0.18879
2.3105,1.1306,7.2408,-0.18924
2.3104,1.1339,7.2441,-0.18967
2.3102,1.1372,7.2474,-0.19008
2.3101,1.1405,7.2507,-0.19045
2.31,1.1438,7.254,-0.19079
2.31,1.1471,7.2573,-0.19111
2.31,1.1504,7.2606,-0.19139
2.31,1.1537,7.2639,-0.19165
2.31,1.157,7.2672,-0.19187
2.3101,1.1602,7.2704,-0.19206
2.3101,1.1635,7.2737,-0.19222
2.3103,1.1668,7.277,-0.19234
2.3104,1.1701,7.2803,-0.19243
2.3106,1.1734,7.2836,-0.19248
2.3108,1.1767,7.2869,-0.1925
2.311,1.18,7.2902,-0.19248
2.3113,1.1833,7.2935,-0.19243
2.3116,1.1866,7.2968,-0.19234
2.3119,1.1898,7.3001,-0.1922
2.3122,1.1931,7.3034,-0.19203
2.3126,1.1964,7.3067,-0.19182
2.313,1.1997,7.31,-0.19157
2.3134,1.2029,7.3133,-0.19127
2.3138,1.2062,7.3166,-0.19093
2.3143,1.2095,7.3199,-0.19054
2.3148,1.2127,7.3232,-0.19011
2.3153,1.216,7.3265,-0.18963
2.3158,1.2192,7.3298,-0.1891
2.3164,1.2225,7.3331,-0.18853
2.317,1.2257,7.3364,-0.1879
2.3176,1.229,7.3397,-0.18722
2.3182,1.2322,7.343,-0.1865
2.3189,1.2354,7.3463,-0.18572
2.3195,1.2387,7.3495,-0.18489
2.3202,1.2419,7.3528,-0.18401
2.321,1.2451,7.3561,-0.18307
2.3217,1.2483,7.3594,-0.18208
2.3225,1.2515,7.3627,-0.18103
2.3232,1.2547,7.366,-0.17993
2.324,1.2579,7.3693,-0.17877
2.3249,1.2611,7.3726,-0.17755
2.3257,1.2643,7.3759,-0.17628
2.3266,1.2675,7.3792,-0.17495
2.3274,1.2706,7.3825,-0.17356
2.3283,1.2738,7.3858,-0.17211
2.3293,1.277,7.3891,-0.1706
2.3302,1.2801,7.3924,-0.16903
2.3311,1.2833,7.3957,-0.1674
2.3321,1.2865,7.399,-0.16571
2.3331,1.2896,7.4023,-0.16395
2.3341,1.2927,7.4056,-0.16214
2.3351,1.2959,7.4089,-0.16026
2.3361,1.299,7.4122,-0.15832
2.3372,1.3021,7.4155,-0.15631
2.3383,1.3053,7.4188,-0.15424
2.3393,1.3084,7.4221,-0.15211
2.3404,1.3115,7.4253,-0.1499
2.3415,1.3146,7.4286,-0.14764
2.3426,1.3177,7.4319,-0.1453
2.3438,1.3208,7.4352,-0.1429
2.3449,1.3239,7.4385,-0.14042
2.3461,1.327,7.4418,-0.13788
2.3473,1.33,7.4451,-0.13527
2.3484,1.3331,7.4484,-0.13259
2.3496,1.3362,7.4517,-0.12984
2.3508,1.3392,7.455,-0.12701
2.3521,1.3423,7.4583,-0.12411
2.3533,1.3454,7.4616,-0.12114
2.3545,1.3484,7.4649,-0.11809
2.3558,1.3515,7.4682,-0.11496
2.357,1.3545,7.4715,-0.11176
2.3583,1.3576,7.4748,-0.10848
2.3596,1.3606,7.4781,-0.10512
2.3609,1.3636,7.4814,-0.10168
2.3622,1.3667,7.4847,-0.098157
2.3635,1.3697,7.488,-0.094552
2.3648,1.3727,7.4913,-0.090862
2.3661,1.3757,7.4946,-0.087087
2.3674,1.3787,7.4979,-0.083224
2.3688,1.3818,7.5012,-0.079332
2.3701,1.3848,7.5044,-0.075466
2.3715,1.3878,7.5077,-0.071625
2.3728,1.3908,7.511,-0.067808
2.3742,1.3938,7.5143,-0.064013
2.3756,1.3968,7.5176,-0.06024
2.377,1.3998,7.5209,-0.056486
2.3783,1.4027,7.5242,-0.052751
2.3797,1.4057,7.5275,-0.049034
2.3811,1.4087,7.5308,-0.045333
2.3825,1.4117,7.5341,-0.041647
2.3839,1.4147,7.5374,-0.037976
2.3853,1.4177,7.5407,-0.034317
2.3867,1.4207,7.544,-0.030671
2.3881,1.4236,7.5473,-0.027037
2.3896,1.4266,7.5506,-0.023412
2.391,1.4296,7.5539,-0.019798
2.3924,1.4326,7.5572,-0.016191
2.3938,1.4355,7.5605,-0.012593
2.3953,1.4385,7.5638,-0.0090015
2.3967,1.4415,7.5671,-0.0054162
2.3981,1.4444,7.5704,-0.0018361
2.3996,1.4474,7.5737,0.0017392
2.401,1.4504,7.577,0.0053103
2.4024,1.4533,7.5803,0.0088804
2.4039,1.4563,7.5835,0.012437
2.4053,1.4593,7.5868,0.015959
2.4067,1.4622,7.5901,0.019438
2.4082,1.4652,7.5934,0.022875
2.4096,1.4682,7.5967,0.026271
2.411,1.4711,7.6,0.029628
2.4125,1.4741,7.6033,0.032945
2.4139,1.4771,7.6066,0.036223
2.4153,1.48,7.6099,0.039462
2.4168,1.483,7.6132,0.042665
2.4182,1.486,7.6165,0.04583
2.4196,1.4889,7.6198,0.048959
2.4211,1.4919,7.6231,0.052052
2.4225,1.4949,7.6264,0.055109
2.4239,1.4979,7.6297,0.058132
2.4253,1.5008,7.633,0.061121
2.4267,1.5038,7.6363,0.064077
2.4281,1.5068,7.6396,0.067
2.4295,1.5098,7.6429,0.069887
2.4309,1.5128,7.6462,0.072734
2.4323,1.5158,7.6495,0.07554
2.4337,1.5187,7.6528,0.078303
2.4351,1.5217,7.6561,0.081024
2.4365,1.5247,7.6593,0.083704
2.4379,1.5277,7.6626,0.086342
2.4392,1.5307,7.6659,0.088939
2.4406,1.5337,7.6692,0.091496
2.4419,1.5367,7.6725,0.094013
2.4433,1.5397,7.6758,0.096491
2.4446,1.5427,7.6791,0.09893
2.446,1.5457,7.6824,0.10133
2.4473,1.5488,7.6857,0.10369
2.4486,1.5518,7.689,0.10602
2.4499,1.5548,7.6923,0.10831
2.4512,1.5578,7.6956,0.11056
2.4525,1.5609,7.6989,0.11277
2.4538,1.5639,7.7022,0.11495
2.4551,1.5669,7.7055,0.11709
2.4564,1.57,7.7088,0.1192
2.4576,1.573,7.7121,0.12128
2.4589,1.5761,7.7154,0.12332
2.4601,1.5791,7.7187,0.12532
2.4613,1.5822,7.722,0.12729
2.4626,1.5853,7.7253,0.12923
2.4638,1.5883,7.7286,0.13114
2.465,1.5914,7.7319,0.13301
2.4661,1.5945,7.7352,0.13485
2.4673,1.5975,7.7384,0.13666
2.4685,1.6006,7.7417,0.13844
2.4696,1.6037,7.745,0.14019
2.4707,1.6068,7.7483,0.1419
2.4719,1.6099,7.7516,0.14359
2.473,1.613,7.7549,0.14524
2.4741,1.6161,7.7582,0.14687
2.4752,1.6192,7.7615,0.14847
2.4762,1.6224,7.7648,0.15003
2.4773,1.6255,7.7681,0.15157
2.4783,1.6286,7.7714,0.15308
2.4793,1.6317,7.7747,0.15455
2.4803,1.6349,7.778,0.156
2.4813,1.638,7.7813,0.15743
2.4823,1.6412,7.7846,0.15882
2.4833,1.6443,7.7879,0.16018
2.4842,1.6475,7.7912,0.16152
2.4851,1.6507,7.7945,0.16283
2.486,1.6538,7.7978,0.16411
2.4869,1.657,7.8011,0.16536
2.4878,1.6602,7.8044,0.16659
2.4886,1.6634,7.8077,0.16779
2.4895,1.6665,7.811,0.16896
2.4903,1.6697,7.8142,0.1701
2.4911,1.6729,7.8175,0.17122
2.4919,1.6761,7.8208,0.17231
2.4926,1.6793,7.8241,0.17337
2.4934,1.6826,7.8274,0.1744
2.4941,1.6858,7.8307,0.17541
2.4948,1.689,7.834,0.17639
2.4955,1.6922,7.8373,0.17734
2.4961,1.6955,7.8406,0.17826
2.4967,1.6987,7.8439,0.17916
2.4974,1.7019,7.8472,0.18003
2.4979,1.7052,7.8505,0.18087
2.4985,1.7084,7.8538,0.18168
2.4991,1.7117,7.8571,0.18246
2.4996,1.7149,7.8604,0.18322
2.5001,1.7182,7.8637,0.18395
2.5005,1.7214,7.867,0.18464
2.501,1.7247,7.8703,0.18531
2.5014,1.728,7.8736,0.18596
2.5018,1.7312,7.8769,0.18657
2.5022,1.7345,7.8802,0.18715
2.5025,1.7378,7.8835,0.1877
2.5028,1.7411,7.8868,0.18823
2.5031,1.7444,7.8901,0.18872
2.5034,1.7477,7.8933,0.18919
2.5036,1.7509,7.8966,0.18962
2.5038,1.7542,7.8999,0.19003
2.504,1.7575,7.9032,0.1904
2.5041,1.7608,7.9065,0.19075
2.5042,1.7641,7.9098,0.19106
2.5043,1.7674,7.9131,0.19134
2.5044,1.7707,7.9164,0.1916
2.5044,1.774,7.9197,0.19182
2.5044,1.7773,7.923,0.19201
2.5043,1.7806,7.9263,0.19217
2.5043,1.7839,7.9296,0.1923
2.5042,1.7872,7.9329,0.1924
2.504,1.7905,7.9362,0.19246
2.5039,1.7938,7.9395,0.1925
2.5036,1.797,7.9428,0.1925
2.5034,1.8003,7.9461,0.19247
2.5031,1.8036,7.9494,0.19241
2.5028,1.8069,7.9527,0.19232
2.5025,1.8102,7.956,0.19219
2.5021,1.8135,7.9593,0.19203
2.5017,1.8167,7.9626,0.19184
2.5013,1.82,7.9659,0.19161
2.5008,1.8233,7.9692,0.19135
2.5003,1.8265,7.9724,0.19105
2.4998,1.8298,7.9757,0.19072
2.4992,1.833,7.979,0.19036
2.4987,1.8363,7.9823,0.18996
2.498,1.8395,7.9856,0.18952
2.4974,1.8427,7.9889,0.18905
2.4967,1.8459,7.9922,0.18854
2.496,1.8492,7.9955,0.188
2.4953,1.8524,7.9988,0.18742
2.4945,1.8556,8.0021,0.18681
2.4937,1.8588,8.0054,0.18616
2.4929,1.862,8.0087,0.18547
2.492,1.8652,8.012,0.18475
2.4911,1.8683,8.0153,0.18399
2.4902,1.8715,8.0186,0.1832
2.4893,1.8747,8.0219,0.18237
2.4883,1.8778,8.0252,0.1815
2.4873,1.8809,8.0285,0.1806
2.4863,1.8841,8.0318,0.17967
2.4852,1.8872,8.0351,0.17869
2.4841,1.8903,8.0384,0.17768
2.483,1.8934,8.0417,0.17664
2.4819,1.8965,8.045,0.17556
2.4807,1.8996,8.0482,0.17444
2.4796,1.9027,8.0515,0.17329
2.4784,1.9057,8.0548,0.17211
2.4771,1.9088,8.0581,0.17089
2.4759,1.9118,8.0614,0.16963
2.4746,1.9149,8.0647,0.16834
2.4733,1.9179,8.068,0.16701
2.4719,1.9209,8.0713,0.16565
2.4706,1.9239,8.0746,0.16426
2.4692,1.9269,8.0779,0.16283
2.4678,1.9299,8.0812,0.16136
2.4664,1.9329,8.0845,0.15986
2.4649,1.9358,8.0878,0.15833
2.4634,1.9388,8.0911,0.15676
2.4619,1.9417,8.0944,0.15515
2.4604,1.9446,8.0977,0.15352
2.4589,1.9475,8.101,0.15185
2.4573,1.9504,8.1043,0.15014
2.4557,1.9533,8.1076,0.1484
2.4541,1.9562,8.1109,0.14663
2.4525,1.9591,8.1142,0.14482
2.4508,1.9619,8.1175,0.14298
2.4491,1.9647,8.1208,0.1411
2.4474,1.9676,8.1241,0.13919
2.4457,1.9704,8.1273,0.13725
2.444,1.9732,8.1306,0.13527
2.4422,1.976,8.1339,0.13325
2.4404,1.9788,8.1372,0.13121
2.4386,1.9815,8.1405,0.12913
2.4368,1.9843,8.1438,0.12701
2.435,1.987,8.1471,0.12486
2.4331,1.9897,8.1504,0.12268
2.4313,1.9924,8.1537,0.12046
2.4294,1.9951,8.157,0.1182
2.4275,1.9978,8.1603,0.11591
2.4255,2.0005,8.1636,0.11359
2.4236,2.0031,8.1669,0.11123
2.4216,2.0058,8.1702,0.10883
2.4196,2.0084,8.1735,0.1064
2.4176,2.011,8.1768,0.10394
2.4156,2.0136,8.1801,0.10143
2.4136,2.0162,8.1834,0.098895
2.4115,2.0188,8.1867,0.096319
2.4094,2.0214,8.19,0.093706
2.4073,2.0239,8.1933,0.091056
2.4052,2.0264,8.1966,0.088368
2.4031,2.029,8.1999,0.085642
2.401,2.0315,8.2031,0.082878
2.3988,2.034,8.2064,0.080075
2.3966,2.0364,8.2097,0.077232
2.3944,2.0389,8.213,0.074349
2.3922,2.0414,8.2163,0.071426
2.39,2.0438,8.2196,0.068462
2.3878,2.0462,8.2229,0.065456
2.3855,2.0486,8.2262,0.062408
2.3833,2.051,8.2295,0.059317
2.381,2.0534,8.2328,0.056183
2.3787,2.0558,8.2361,0.053007
2.3764,2.0581,8.2394,0.049784
